fecha,cultivo,precio_s_ton,temperatura,precipitacion_mm,costo_transporte,nivel_plaga
2019-01-01,Arroz,764.83,28.9,25.7,129.2,2
2019-01-01,Arroz,1265.96,26.3,25.7,134.9,0
2019-01-01,Arroz,999.59,29.1,53.8,116.4,2
2019-01-01,Arroz,929.12,30.1,17.9,115.0,0
2019-01-01,Arroz,1224.34,27.7,58.6,112.9,1
2019-01-01,Arroz,917.79,29.5,27.4,114.2,1
2019-01-01,Maiz,751.58,30.5,26.3,136.8,2
2019-01-01,Maiz,677.37,26.8,37.5,113.2,2
2019-01-01,Maiz,536.13,27.9,37.0,112.0,2
2019-01-01,Maiz,648.34,29.2,40.7,118.3,0
2019-01-01,Maiz,712.74,26.7,21.0,116.3,2
2019-01-01,Maiz,573.63,26.9,27.1,121.0,2
2019-01-01,Cebolla,648.12,25.9,25.9,117.4,0
2019-01-01,Cebolla,862.39,28.6,27.5,114.3,1
2019-01-01,Cebolla,1334.89,30.8,35.7,120.2,1
2019-01-01,Cebolla,407.43,31.0,23.0,111.1,1
2019-01-01,Cebolla,780.7,30.7,48.4,125.6,2
2019-01-01,Cebolla,469.21,27.0,24.3,110.9,1
2019-01-01,Esparrago,1911.59,28.7,49.9,130.0,2
2019-01-01,Esparrago,1962.43,31.4,27.5,127.9,2
2019-01-01,Esparrago,1646.02,30.3,30.2,118.4,1
2019-01-01,Esparrago,2460.0,27.0,37.5,116.2,0
2019-01-01,Esparrago,2957.09,26.7,39.7,130.9,2
2019-01-01,Esparrago,1665.94,27.6,54.0,124.4,1
2019-02-01,Arroz,935.91,31.1,52.5,120.6,2
2019-02-01,Arroz,944.05,31.1,55.0,114.3,2
2019-02-01,Arroz,1175.33,30.3,46.6,120.9,2
2019-02-01,Arroz,1121.96,26.4,31.1,118.1,1
2019-02-01,Arroz,971.93,29.3,33.8,110.8,1
2019-02-01,Arroz,1055.7,28.9,34.2,110,2
2019-02-01,Maiz,681.61,28.2,38.4,126.1,2
2019-02-01,Maiz,744.87,29.9,24.1,114.3,2
2019-02-01,Maiz,594.03,28.0,49.9,116.7,1
2019-02-01,Maiz,759.7,30.7,42.3,115.0,2
2019-02-01,Maiz,499.71,26.4,51.1,123.0,1
2019-02-01,Maiz,707.86,30.1,35.3,116.9,1
2019-02-01,Cebolla,671.76,26.1,53.9,131.3,2
2019-02-01,Cebolla,274.11,27.1,24.1,126.1,2
2019-02-01,Cebolla,1002.02,26.9,24.7,110,1
2019-02-01,Cebolla,390.24,30.3,50.2,114.5,2
2019-02-01,Cebolla,1098.28,27.2,22.6,115.7,1
2019-02-01,Cebolla,981.5,30.6,19.6,137.5,0
2019-02-01,Esparrago,2743.67,28.9,32.9,119.8,2
2019-02-01,Esparrago,2247.63,28.8,28.4,125.3,2
2019-02-01,Esparrago,1631.2,29.1,45.2,119.9,2
2019-02-01,Esparrago,2662.08,29.7,20.5,124.2,2
2019-02-01,Esparrago,1986.08,28.4,38.3,126.9,2
2019-02-01,Esparrago,3251.57,26.7,26.8,123.2,2
2019-03-01,Arroz,890.53,24.6,27.8,114.0,1
2019-03-01,Arroz,861.14,29.6,58.4,119.4,1
2019-03-01,Arroz,963.24,31.1,42.5,113.3,2
2019-03-01,Arroz,770.14,29.6,26.2,120.2,1
2019-03-01,Arroz,1050.42,27.0,37.0,117.0,2
2019-03-01,Arroz,830.14,31.0,22.5,119.5,2
2019-03-01,Maiz,975.29,30.2,34.4,122.1,0
2019-03-01,Maiz,720.74,27.4,37.8,116.5,1
2019-03-01,Maiz,597.87,29.9,28.2,131.4,2
2019-03-01,Maiz,713.77,28.5,23.6,127.2,2
2019-03-01,Maiz,990.58,30.9,24.2,117.4,0
2019-03-01,Maiz,614.39,29.4,52.6,125.4,2
2019-03-01,Cebolla,937.41,27.8,52.9,111.2,2
2019-03-01,Cebolla,896.78,28.3,25.0,118.4,1
2019-03-01,Cebolla,903.57,29.8,42.4,120.5,2
2019-03-01,Cebolla,773.79,28.5,36.4,117.7,2
2019-03-01,Cebolla,1055.96,30.0,19.8,127.6,2
2019-03-01,Cebolla,414.28,28.8,17.4,135.5,1
2019-03-01,Esparrago,2079.86,30.4,59.9,110,1
2019-03-01,Esparrago,2329.67,27.2,36.0,122.0,1
2019-03-01,Esparrago,2974.15,30.8,40.5,118.1,0
2019-03-01,Esparrago,2753.68,27.2,46.4,121.3,2
2019-03-01,Esparrago,2774.37,26.4,26.8,125.6,2
2019-03-01,Esparrago,3132.19,30.6,62.2,127.7,2
2019-04-01,Arroz,651.5,23.7,11.7,124.0,2
2019-04-01,Arroz,778.23,22.7,7.6,118.6,2
2019-04-01,Arroz,1002.82,24.7,15.0,112.8,0
2019-04-01,Arroz,864.61,26.2,13.1,118.8,1
2019-04-01,Arroz,1166.67,24.9,8.9,130.5,0
2019-04-01,Arroz,1078.03,27.3,3.9,117.3,0
2019-04-01,Maiz,683.19,22.6,10.4,127.5,1
2019-04-01,Maiz,797.83,24.6,19.2,139.4,0
2019-04-01,Maiz,628.07,24.1,11.2,127.4,2
2019-04-01,Maiz,703.78,24.5,5.1,118.1,0
2019-04-01,Maiz,781.06,24.9,3.9,115.7,0
2019-04-01,Maiz,829.52,22.3,11.7,115.6,1
2019-04-01,Cebolla,1042.75,23.8,8.1,130.8,1
2019-04-01,Cebolla,301.07,25.7,5.0,130.2,0
2019-04-01,Cebolla,930.99,24.5,6.2,140.2,0
2019-04-01,Cebolla,555.12,22.3,7.3,121.2,0
2019-04-01,Cebolla,590.94,24.2,4.8,117.2,0
2019-04-01,Cebolla,945.11,22.3,8.6,143.2,1
2019-04-01,Esparrago,2464.49,24.7,13.2,126.2,0
2019-04-01,Esparrago,2371.49,24.2,9.8,131.1,0
2019-04-01,Esparrago,3082.77,23.7,14.7,117.6,0
2019-04-01,Esparrago,3782.99,24.5,15.4,120.1,0
2019-04-01,Esparrago,1810.31,21.2,8.4,114.0,1
2019-04-01,Esparrago,2000.93,24.8,13.3,120.8,0
2019-05-01,Arroz,901.65,24.0,10.2,126.5,0
2019-05-01,Arroz,1237.98,26.1,11.3,135.9,1
2019-05-01,Arroz,1170.64,23.9,16.4,119.0,1
2019-05-01,Arroz,864.24,23.0,7.7,126.7,0
2019-05-01,Arroz,848.49,25.7,7.4,110.5,0
2019-05-01,Arroz,990.85,23.7,7.8,121.3,0
2019-05-01,Maiz,737.56,25.7,8.4,129.8,2
2019-05-01,Maiz,815.36,25.2,13.3,125.0,0
2019-05-01,Maiz,537.85,24.9,2.9,126.4,2
2019-05-01,Maiz,500.84,23.2,12.1,119.9,0
2019-05-01,Maiz,841.1,25.6,8.7,121.6,0
2019-05-01,Maiz,682.16,22.1,5.8,126.2,0
2019-05-01,Cebolla,1241.41,25.0,11.9,121.4,0
2019-05-01,Cebolla,1042.68,25.0,14.4,121.2,0
2019-05-01,Cebolla,512.63,25.0,12.8,133.7,0
2019-05-01,Cebolla,564.12,24.2,5.0,129.4,1
2019-05-01,Cebolla,877.96,23.4,9.3,120.7,1
2019-05-01,Cebolla,334.9,22.1,10.8,124.4,0
2019-05-01,Esparrago,3626.47,26.2,11.2,127.8,1
2019-05-01,Esparrago,3260.26,22.5,11.5,124.5,0
2019-05-01,Esparrago,2863.62,21.8,7.2,131.4,0
2019-05-01,Esparrago,2081.61,26.2,9.6,123.4,2
2019-05-01,Esparrago,3171.03,25.9,9.9,119.5,0
2019-05-01,Esparrago,3233.43,23.8,16.6,120.6,1
2019-06-01,Arroz,685.21,25.2,4.8,121.9,1
2019-06-01,Arroz,916.06,26.0,7.1,127.2,0
2019-06-01,Arroz,751.13,24.1,13.9,120.6,0
2019-06-01,Arroz,962.1,23.9,6.4,128.4,1
2019-06-01,Arroz,898.17,24.2,12.6,125.8,0
2019-06-01,Arroz,920.64,21.4,12.2,116.2,0
2019-06-01,Maiz,594.18,25.2,16.6,123.4,0
2019-06-01,Maiz,625.96,24.4,7.7,133.4,1
2019-06-01,Maiz,610.23,23.9,16.1,127.5,2
2019-06-01,Maiz,730.44,24.9,6.7,129.8,0
2019-06-01,Maiz,599.97,25.8,7.6,124.2,1
2019-06-01,Maiz,770.0,24.9,4.7,115.3,1
2019-06-01,Cebolla,283.22,24.8,15.8,127.3,0
2019-06-01,Cebolla,873.91,25.6,3.9,123.8,0
2019-06-01,Cebolla,527.47,23.3,11.7,122.6,0
2019-06-01,Cebolla,420.4,22.6,6.7,130.5,0
2019-06-01,Cebolla,670.88,24.9,14.0,130.1,0
2019-06-01,Cebolla,673.17,24.5,12.2,110,0
2019-06-01,Esparrago,1982.57,26.7,14.2,117.4,2
2019-06-01,Esparrago,3500.06,25.1,4.7,127.6,1
2019-06-01,Esparrago,2354.6,23.3,3.5,129.1,2
2019-06-01,Esparrago,2693.71,21.0,5.7,127.4,1
2019-06-01,Esparrago,2024.0,23.2,6.2,124.8,0
2019-06-01,Esparrago,2375.13,23.5,14.5,123.1,0
2019-07-01,Arroz,1216.26,18.4,5.4,118.1,0
2019-07-01,Arroz,1091.74,20.3,2.3,134.7,0
2019-07-01,Arroz,947.44,19.4,3.7,130.1,0
2019-07-01,Arroz,1005.36,18.9,1.2,115.6,1
2019-07-01,Arroz,1288.77,18.3,1.1,120.2,0
2019-07-01,Arroz,1105.66,22.7,5.7,112.3,0
2019-07-01,Maiz,683.46,20.2,1.7,124.9,0
2019-07-01,Maiz,414.06,22.2,4.3,133.2,1
2019-07-01,Maiz,590.65,21.1,2.1,123.0,0
2019-07-01,Maiz,847.71,20.1,4.4,116.3,0
2019-07-01,Maiz,641.45,21.8,6.5,123.5,0
2019-07-01,Maiz,561.24,20.9,6.3,124.0,0
2019-07-01,Cebolla,860.97,18.2,3.4,129.1,1
2019-07-01,Cebolla,502.66,21.9,5.1,115.9,0
2019-07-01,Cebolla,1050.95,18.1,6.8,128.3,0
2019-07-01,Cebolla,639.54,19.8,4.4,126.4,0
2019-07-01,Cebolla,887.81,21.2,3.5,133.8,0
2019-07-01,Cebolla,442.89,18.6,4.6,122.8,1
2019-07-01,Esparrago,2062.53,19.5,2.2,124.4,0
2019-07-01,Esparrago,3008.79,21.5,1.9,117.4,0
2019-07-01,Esparrago,2768.46,20.3,4.1,145.9,1
2019-07-01,Esparrago,2602.58,17.8,5.3,130.0,0
2019-07-01,Esparrago,3506.28,21.7,5.5,126.9,0
2019-07-01,Esparrago,3298.22,21.8,2.5,142.6,0
2019-08-01,Arroz,1252.24,21.8,1.6,133.5,0
2019-08-01,Arroz,1137.93,19.0,2.4,126.7,0
2019-08-01,Arroz,779.57,18.0,3.8,136.6,0
2019-08-01,Arroz,1119.65,17.8,5.3,118.3,0
2019-08-01,Arroz,842.29,18.6,5.9,110.7,0
2019-08-01,Arroz,897.74,20.5,3.6,126.6,0
2019-08-01,Maiz,461.48,20.2,2.5,130.0,2
2019-08-01,Maiz,573.1,18.5,5.3,121.2,1
2019-08-01,Maiz,746.87,21.6,3.3,126.3,1
2019-08-01,Maiz,681.77,23.0,5.1,122.1,2
2019-08-01,Maiz,641.46,18.0,3.6,126.6,2
2019-08-01,Maiz,709.77,19.2,4.8,138.2,1
2019-08-01,Cebolla,675.8,18.6,2.2,132.5,0
2019-08-01,Cebolla,415.68,18.2,7.2,116.6,0
2019-08-01,Cebolla,644.57,18.1,0.8,132.7,0
2019-08-01,Cebolla,708.73,18.6,1.8,134.5,1
2019-08-01,Cebolla,362.85,20.3,3.2,119.8,0
2019-08-01,Cebolla,575.55,19.0,4.2,115.6,2
2019-08-01,Esparrago,2325.05,18.7,7.2,129.4,0
2019-08-01,Esparrago,2279.88,17.9,1.0,132.9,1
2019-08-01,Esparrago,2032.31,17.5,7.0,138.1,1
2019-08-01,Esparrago,1692.94,21.6,3.6,116.6,0
2019-08-01,Esparrago,3168.46,18.7,3.9,131.2,1
2019-08-01,Esparrago,2512.85,22.6,2.0,121.2,1
2019-09-01,Arroz,845.14,19.8,1.9,122.9,2
2019-09-01,Arroz,951.85,21.7,5.8,121.3,0
2019-09-01,Arroz,860.98,19.5,1.1,158.5,0
2019-09-01,Arroz,1151.49,19.3,6.7,130.8,0
2019-09-01,Arroz,1095.84,19.2,1.7,136.0,0
2019-09-01,Arroz,1207.71,21.3,5.7,131.6,0
2019-09-01,Maiz,707.21,21.5,8.8,115.8,0
2019-09-01,Maiz,822.84,21.1,1.8,112.2,0
2019-09-01,Maiz,667.81,20.5,4.1,144.5,0
2019-09-01,Maiz,715.64,22.5,4.5,124.4,2
2019-09-01,Maiz,494.82,21.1,0.4,120.9,0
2019-09-01,Maiz,548.38,19.1,4.3,132.9,0
2019-09-01,Cebolla,670.82,20.1,4.7,128.4,0
2019-09-01,Cebolla,1016.84,20.5,7.1,132.2,0
2019-09-01,Cebolla,967.31,19.1,0.3,122.6,0
2019-09-01,Cebolla,504.21,19.4,5.1,115.8,1
2019-09-01,Cebolla,626.83,20.9,6.2,140.4,1
2019-09-01,Cebolla,307.24,20.3,2.2,117.7,2
2019-09-01,Esparrago,2496.86,16.7,3.4,129.2,0
2019-09-01,Esparrago,1355.93,18.1,2.6,129.7,2
2019-09-01,Esparrago,2365.57,21.9,7.4,140.6,1
2019-09-01,Esparrago,2048.7,19.6,2.2,127.3,0
2019-09-01,Esparrago,2185.51,18.6,4.9,127.9,0
2019-09-01,Esparrago,1801.35,17.9,5.8,128.6,1
2019-10-01,Arroz,1390.94,23.2,5.1,131.2,0
2019-10-01,Arroz,858.3,23.5,6.9,131.8,1
2019-10-01,Arroz,892.22,20.4,3.4,127.4,0
2019-10-01,Arroz,894.46,23.0,5.9,126.2,0
2019-10-01,Arroz,1161.13,23.7,10.8,123.9,0
2019-10-01,Arroz,1450.05,21.9,1.8,134.6,1
2019-10-01,Maiz,798.14,21.2,9.4,136.0,1
2019-10-01,Maiz,703.13,21.8,6.9,132.1,2
2019-10-01,Maiz,896.36,22.8,11.7,137.3,1
2019-10-01,Maiz,556.84,24.4,12.3,144.7,0
2019-10-01,Maiz,694.06,24.0,2.7,125.5,2
2019-10-01,Maiz,453.77,22.1,12.3,117.4,2
2019-10-01,Cebolla,376.72,24.7,3.3,129.2,1
2019-10-01,Cebolla,1128.76,21.9,7.5,137.2,1
2019-10-01,Cebolla,531.34,22.7,10.6,119.5,1
2019-10-01,Cebolla,329.62,24.6,3.4,132.3,0
2019-10-01,Cebolla,580.16,21.9,7.5,134.7,0
2019-10-01,Cebolla,318.43,20.6,5.1,140.1,0
2019-10-01,Esparrago,3030.88,21.1,11.2,131.6,0
2019-10-01,Esparrago,3317.06,22.1,9.5,125.7,0
2019-10-01,Esparrago,2715.57,22.7,11.1,135.8,1
2019-10-01,Esparrago,3244.97,25.5,10.7,129.9,0
2019-10-01,Esparrago,2308.66,25.0,5.7,122.2,0
2019-10-01,Esparrago,1541.45,21.3,8.5,122.2,0
2019-11-01,Arroz,902.36,23.7,6.5,136.7,0
2019-11-01,Arroz,992.52,25.5,6.9,135.9,0
2019-11-01,Arroz,1380.22,21.4,4.3,119.1,1
2019-11-01,Arroz,999.79,21.9,3.1,126.3,1
2019-11-01,Arroz,1153.82,25.1,5.2,129.8,1
2019-11-01,Arroz,1034.01,21.2,10.4,137.1,0
2019-11-01,Maiz,864.61,24.0,2.2,124.8,0
2019-11-01,Maiz,755.51,21.6,10.6,125.5,0
2019-11-01,Maiz,781.05,23.7,11.1,132.8,0
2019-11-01,Maiz,729.28,24.8,7.2,142.0,1
2019-11-01,Maiz,859.42,24.1,10.9,134.6,1
2019-11-01,Maiz,800.86,22.9,3.4,130.8,0
2019-11-01,Cebolla,1303.09,22.0,5.2,127.4,0
2019-11-01,Cebolla,786.6,24.1,2.2,128.7,0
2019-11-01,Cebolla,1052.25,23.5,4.5,136.3,0
2019-11-01,Cebolla,684.92,22.8,12.4,124.8,0
2019-11-01,Cebolla,558.88,23.0,7.1,126.0,0
2019-11-01,Cebolla,1483.74,22.7,4.7,135.6,0
2019-11-01,Esparrago,2109.67,24.3,6.1,127.1,1
2019-11-01,Esparrago,2864.08,20.5,6.6,127.5,0
2019-11-01,Esparrago,1762.83,22.6,9.3,130.1,0
2019-11-01,Esparrago,3516.48,22.7,8.7,137.2,0
2019-11-01,Esparrago,2114.82,24.8,2.2,119.1,0
2019-11-01,Esparrago,1743.91,22.8,4.1,134.7,1
2019-12-01,Arroz,1100.13,21.7,10.6,133.8,0
2019-12-01,Arroz,1114.77,24.0,11.7,121.6,0
2019-12-01,Arroz,769.21,21.6,8.9,129.5,2
2019-12-01,Arroz,1265.4,23.3,10.7,127.2,0
2019-12-01,Arroz,1446.84,22.1,12.9,132.9,0
2019-12-01,Arroz,1337.91,25.2,7.0,115.9,0
2019-12-01,Maiz,713.09,22.2,13.0,125.7,0
2019-12-01,Maiz,685.23,25.9,5.3,133.4,0
2019-12-01,Maiz,481.99,22.5,12.8,137.5,1
2019-12-01,Maiz,524.03,24.8,5.0,133.5,1
2019-12-01,Maiz,858.66,23.5,4.5,140.6,0
2019-12-01,Maiz,674.96,21.6,4.4,131.5,1
2019-12-01,Cebolla,703.18,24.7,3.0,134.7,1
2019-12-01,Cebolla,720.89,22.8,7.3,123.6,2
2019-12-01,Cebolla,750.47,23.7,10.4,135.6,1
2019-12-01,Cebolla,1109.54,22.9,7.3,132.2,0
2019-12-01,Cebolla,702.23,23.5,9.8,132.2,2
2019-12-01,Cebolla,1168.18,23.9,8.7,131.8,0
2019-12-01,Esparrago,2476.4,22.0,4.2,126.0,0
2019-12-01,Esparrago,2733.03,24.7,8.4,134.8,0
2019-12-01,Esparrago,1703.92,22.8,3.6,124.8,0
2019-12-01,Esparrago,2927.21,21.3,11.2,126.7,0
2019-12-01,Esparrago,2077.35,24.5,9.8,136.0,0
2019-12-01,Esparrago,3526.43,24.4,4.9,123.4,0
2020-01-01,Arroz,1167.93,29.5,20.3,118.5,2
2020-01-01,Arroz,917.41,29.3,52.7,122.9,1
2020-01-01,Arroz,1409.67,28.1,49.6,144.1,0
2020-01-01,Arroz,1080.03,29.0,47.1,126.6,1
2020-01-01,Arroz,738.46,30.5,32.4,132.6,2
2020-01-01,Arroz,966.85,29.5,35.4,136.7,1
2020-01-01,Maiz,574.78,30.6,36.3,124.4,0
2020-01-01,Maiz,722.74,27.1,31.2,134.1,1
2020-01-01,Maiz,625.93,26.5,53.2,137.9,2
2020-01-01,Maiz,506.31,28.8,27.7,124.4,0
2020-01-01,Maiz,600.09,29.7,60.3,126.1,1
2020-01-01,Maiz,663.16,28.9,52.3,127.3,2
2020-01-01,Cebolla,1269.64,26.4,20.5,132.8,1
2020-01-01,Cebolla,976.57,30.0,55.7,142.9,1
2020-01-01,Cebolla,373.79,29.4,38.8,124.0,2
2020-01-01,Cebolla,505.57,29.8,53.1,138.0,2
2020-01-01,Cebolla,783.93,27.3,18.9,144.4,2
2020-01-01,Cebolla,970.0,28.3,23.7,122.3,2
2020-01-01,Esparrago,1985.61,27.9,22.2,141.2,2
2020-01-01,Esparrago,3049.12,30.6,39.9,144.4,2
2020-01-01,Esparrago,2984.22,29.1,52.9,134.6,2
2020-01-01,Esparrago,2274.78,31.2,34.3,130.7,2
2020-01-01,Esparrago,2038.93,26.9,27.4,128.0,1
2020-01-01,Esparrago,2963.65,27.8,29.6,137.1,2
2020-02-01,Arroz,1380.86,26.5,40.2,131.8,1
2020-02-01,Arroz,1151.72,27.5,19.5,131.4,1
2020-02-01,Arroz,1041.11,27.4,54.3,148.2,2
2020-02-01,Arroz,1072.76,26.8,33.2,138.9,2
2020-02-01,Arroz,913.91,27.7,45.6,146.5,2
2020-02-01,Arroz,1085.25,30.2,52.3,125.0,2
2020-02-01,Maiz,646.9,30.5,19.9,134.7,1
2020-02-01,Maiz,923.11,26.8,19.2,137.6,1
2020-02-01,Maiz,569.72,29.8,26.6,129.0,1
2020-02-01,Maiz,697.41,25.5,37.4,142.6,2
2020-02-01,Maiz,952.14,29.1,38.7,122.3,1
2020-02-01,Maiz,570.52,27.6,43.0,133.8,2
2020-02-01,Cebolla,717.78,25.5,25.8,136.0,0
2020-02-01,Cebolla,804.27,28.5,60.9,130.7,2
2020-02-01,Cebolla,851.4,25.8,44.6,145.7,1
2020-02-01,Cebolla,888.95,29.5,44.9,132.1,1
2020-02-01,Cebolla,857.56,29.9,53.3,131.5,2
2020-02-01,Cebolla,1028.85,27.2,35.7,131.3,2
2020-02-01,Esparrago,2340.94,31.3,26.4,133.3,2
2020-02-01,Esparrago,1616.27,27.3,29.6,132.7,2
2020-02-01,Esparrago,1708.37,28.2,29.8,126.2,2
2020-02-01,Esparrago,2111.45,28.5,40.5,132.1,1
2020-02-01,Esparrago,1929.39,30.5,60.0,124.8,1
2020-02-01,Esparrago,2023.79,27.9,32.8,133.1,1
2020-03-01,Arroz,1056.65,29.3,54.3,157.2,2
2020-03-01,Arroz,869.41,29.8,27.3,141.1,1
2020-03-01,Arroz,788.77,28.1,53.6,138.2,2
2020-03-01,Arroz,1078.7,26.6,49.9,134.3,0
2020-03-01,Arroz,914.43,28.9,48.0,136.6,2
2020-03-01,Arroz,689.18,26.2,24.9,130.2,2
2020-03-01,Maiz,506.83,27.7,43.6,149.3,2
2020-03-01,Maiz,578.62,30.1,36.1,138.3,1
2020-03-01,Maiz,453.49,26.8,28.4,116.1,2
2020-03-01,Maiz,676.54,29.4,53.7,129.2,2
2020-03-01,Maiz,811.81,28.2,40.9,133.2,1
2020-03-01,Maiz,574.15,28.6,33.3,118.1,2
2020-03-01,Cebolla,385.23,30.0,47.0,137.6,0
2020-03-01,Cebolla,893.78,30.0,41.0,124.7,1
2020-03-01,Cebolla,1130.1,29.5,24.5,135.3,1
2020-03-01,Cebolla,1045.65,27.3,49.5,127.7,1
2020-03-01,Cebolla,518.52,29.5,38.4,134.7,1
2020-03-01,Cebolla,625.46,29.5,25.1,121.6,1
2020-03-01,Esparrago,2825.4,30.5,52.4,143.2,2
2020-03-01,Esparrago,2078.35,25.9,53.6,132.0,2
2020-03-01,Esparrago,2363.7,26.7,40.9,125.9,2
2020-03-01,Esparrago,3150.32,25.1,19.6,130.3,0
2020-03-01,Esparrago,3510.31,26.9,26.8,125.7,1
2020-03-01,Esparrago,1782.77,27.4,43.0,139.2,1
2020-04-01,Arroz,826.03,22.5,14.5,139.5,0
2020-04-01,Arroz,1130.13,22.8,12.7,140.0,0
2020-04-01,Arroz,1073.85,23.4,2.5,126.9,1
2020-04-01,Arroz,1041.3,25.2,14.1,132.4,0
2020-04-01,Arroz,961.64,22.7,6.7,141.9,2
2020-04-01,Arroz,1306.03,25.0,15.2,144.7,0
2020-04-01,Maiz,831.5,25.7,11.3,130.3,0
2020-04-01,Maiz,742.68,22.6,4.5,145.7,0
2020-04-01,Maiz,797.76,25.3,9.9,143.6,2
2020-04-01,Maiz,639.73,25.0,9.8,129.5,0
2020-04-01,Maiz,813.04,25.5,9.8,136.4,0
2020-04-01,Maiz,592.51,26.5,14.3,135.0,1
2020-04-01,Cebolla,992.42,22.6,13.7,157.0,1
2020-04-01,Cebolla,563.24,24.0,10.8,132.1,0
2020-04-01,Cebolla,976.45,24.4,10.6,135.9,0
2020-04-01,Cebolla,707.68,21.5,4.8,137.9,0
2020-04-01,Cebolla,971.13,26.1,10.7,138.2,1
2020-04-01,Cebolla,627.77,25.2,4.4,142.6,1
2020-04-01,Esparrago,1695.7,21.5,6.8,128.7,0
2020-04-01,Esparrago,1802.71,22.3,10.9,140.7,1
2020-04-01,Esparrago,3324.77,23.5,9.2,128.1,0
2020-04-01,Esparrago,2832.13,25.2,9.3,124.2,0
2020-04-01,Esparrago,2656.59,23.6,4.5,133.7,2
2020-04-01,Esparrago,2712.59,24.1,5.8,138.5,0
2020-05-01,Arroz,968.29,22.7,14.4,135.2,0
2020-05-01,Arroz,1209.02,23.9,8.7,131.8,0
2020-05-01,Arroz,1022.82,24.8,12.1,136.6,1
2020-05-01,Arroz,1013.89,23.7,5.2,142.3,1
2020-05-01,Arroz,764.39,23.4,13.7,147.6,0
2020-05-01,Arroz,772.45,23.8,13.4,137.7,0
2020-05-01,Maiz,551.0,24.4,14.5,131.5,0
2020-05-01,Maiz,714.82,21.9,14.0,134.8,0
2020-05-01,Maiz,598.37,26.0,8.4,130.3,0
2020-05-01,Maiz,530.61,22.3,4.2,145.0,0
2020-05-01,Maiz,747.62,24.4,3.8,135.0,0
2020-05-01,Maiz,573.3,25.0,9.0,128.6,0
2020-05-01,Cebolla,1124.96,24.1,7.2,139.8,0
2020-05-01,Cebolla,1028.12,26.5,11.0,145.1,0
2020-05-01,Cebolla,900.85,24.5,14.1,132.1,0
2020-05-01,Cebolla,966.69,25.4,9.0,129.6,0
2020-05-01,Cebolla,405.28,23.4,16.3,126.9,0
2020-05-01,Cebolla,413.77,25.4,14.1,128.3,0
2020-05-01,Esparrago,2670.61,22.5,9.7,136.9,2
2020-05-01,Esparrago,2539.74,21.7,10.5,133.5,1
2020-05-01,Esparrago,4138.5,22.5,11.5,142.8,0
2020-05-01,Esparrago,3159.19,21.9,10.9,130.9,0
2020-05-01,Esparrago,2945.92,21.8,9.0,127.8,0
2020-05-01,Esparrago,2075.18,23.3,15.3,132.5,0
2020-06-01,Arroz,1179.96,22.6,9.6,141.2,0
2020-06-01,Arroz,872.78,23.0,14.1,147.1,1
2020-06-01,Arroz,793.94,25.3,15.8,136.0,0
2020-06-01,Arroz,1173.3,27.2,5.5,136.8,1
2020-06-01,Arroz,855.71,23.8,6.4,131.8,1
2020-06-01,Arroz,1043.83,25.8,7.3,143.4,1
2020-06-01,Maiz,793.68,25.3,16.2,136.9,1
2020-06-01,Maiz,696.45,22.1,7.1,125.0,1
2020-06-01,Maiz,659.25,25.2,7.3,155.3,0
2020-06-01,Maiz,542.53,25.1,11.5,140.8,1
2020-06-01,Maiz,685.36,23.5,15.8,145.5,0
2020-06-01,Maiz,711.97,21.9,10.9,142.6,0
2020-06-01,Cebolla,314.84,24.2,6.4,141.4,1
2020-06-01,Cebolla,779.0,24.4,6.9,140.1,0
2020-06-01,Cebolla,1046.32,26.0,15.7,146.6,0
2020-06-01,Cebolla,406.04,23.2,3.3,144.6,0
2020-06-01,Cebolla,963.55,25.5,11.2,136.0,0
2020-06-01,Cebolla,287.01,23.7,19.8,144.1,1
2020-06-01,Esparrago,3359.0,23.3,4.7,146.7,0
2020-06-01,Esparrago,1726.04,22.5,11.1,134.4,1
2020-06-01,Esparrago,3274.0,25.2,6.6,135.0,0
2020-06-01,Esparrago,1409.73,21.1,13.1,144.8,2
2020-06-01,Esparrago,3183.77,25.0,4.6,130.1,0
2020-06-01,Esparrago,3523.25,25.1,12.1,150.8,0
2020-07-01,Arroz,942.77,17.3,0.7,144.7,0
2020-07-01,Arroz,1162.43,21.9,4.2,144.3,0
2020-07-01,Arroz,888.26,20.9,5.4,136.5,0
2020-07-01,Arroz,1236.11,18.5,6.3,147.7,1
2020-07-01,Arroz,1471.63,18.3,2.7,146.7,0
2020-07-01,Arroz,1275.94,18.1,3.1,155.1,0
2020-07-01,Maiz,576.38,22.5,2.6,146.8,1
2020-07-01,Maiz,733.95,19.0,0.4,142.6,0
2020-07-01,Maiz,565.31,18.5,1.6,136.7,0
2020-07-01,Maiz,764.69,22.0,3.3,144.2,0
2020-07-01,Maiz,846.6,22.7,5.2,146.2,0
2020-07-01,Maiz,544.71,22.3,2.6,154.4,0
2020-07-01,Cebolla,878.43,17.3,6.7,139.1,0
2020-07-01,Cebolla,726.03,17.1,3.7,141.2,0
2020-07-01,Cebolla,1012.25,23.2,5.9,147.0,0
2020-07-01,Cebolla,725.94,19.9,6.3,140.7,0
2020-07-01,Cebolla,947.13,21.2,2.6,144.2,0
2020-07-01,Cebolla,635.65,17.4,6.2,152.8,0
2020-07-01,Esparrago,1841.08,21.0,4.0,148.7,0
2020-07-01,Esparrago,2029.93,18.5,3.9,152.4,2
2020-07-01,Esparrago,3070.11,20.9,4.1,137.0,2
2020-07-01,Esparrago,3381.64,21.3,1.5,128.1,0
2020-07-01,Esparrago,2734.97,21.6,6.7,134.3,0
2020-07-01,Esparrago,2247.62,20.6,4.2,141.5,0
2020-08-01,Arroz,1378.72,17.8,5.3,148.5,1
2020-08-01,Arroz,833.4,19.5,9.4,139.3,1
2020-08-01,Arroz,1236.14,21.6,4.0,162.9,1
2020-08-01,Arroz,1122.37,19.2,3.8,138.6,0
2020-08-01,Arroz,1132.5,21.9,4.4,133.2,0
2020-08-01,Arroz,1019.95,22.8,2.3,138.6,0
2020-08-01,Maiz,697.18,19.8,6.9,138.8,1
2020-08-01,Maiz,655.26,18.8,1.7,146.7,0
2020-08-01,Maiz,501.55,22.0,4.8,137.7,1
2020-08-01,Maiz,482.97,19.8,3.8,151.1,1
2020-08-01,Maiz,497.03,17.9,4.6,141.1,1
2020-08-01,Maiz,524.21,18.3,4.1,139.9,1
2020-08-01,Cebolla,280.66,18.5,2.9,137.9,0
2020-08-01,Cebolla,711.2,22.3,3.6,143.9,0
2020-08-01,Cebolla,852.64,20.6,3.4,131.2,1
2020-08-01,Cebolla,369.25,19.1,4.7,156.2,0
2020-08-01,Cebolla,743.88,18.4,6.1,159.9,0
2020-08-01,Cebolla,936.02,20.2,0.8,135.3,0
2020-08-01,Esparrago,1974.44,19.2,2.8,157.7,0
2020-08-01,Esparrago,1583.72,19.0,2.9,143.0,0
2020-08-01,Esparrago,1382.26,20.6,2.8,130.6,2
2020-08-01,Esparrago,2753.98,18.7,3.2,138.5,0
2020-08-01,Esparrago,2562.16,20.9,5.3,151.8,2
2020-08-01,Esparrago,2118.03,20.0,6.9,135.2,0
2020-09-01,Arroz,1384.71,21.0,4.3,138.2,0
2020-09-01,Arroz,1179.32,20.3,2.7,139.4,0
2020-09-01,Arroz,1180.69,19.4,2.8,144.2,1
2020-09-01,Arroz,1046.06,21.9,3.2,146.7,1
2020-09-01,Arroz,889.72,20.0,3.9,144.5,1
2020-09-01,Arroz,1027.05,21.2,6.4,149.3,1
2020-09-01,Maiz,553.92,18.4,3.6,131.9,0
2020-09-01,Maiz,687.01,20.2,2.4,141.7,0
2020-09-01,Maiz,812.36,21.5,4.8,139.5,0
2020-09-01,Maiz,803.09,20.1,5.7,144.9,0
2020-09-01,Maiz,616.49,19.0,1.2,149.7,0
2020-09-01,Maiz,535.79,21.9,4.6,140.7,2
2020-09-01,Cebolla,1172.37,21.4,5.9,129.7,0
2020-09-01,Cebolla,680.63,19.1,6.8,153.7,1
2020-09-01,Cebolla,995.53,21.6,5.0,147.2,1
2020-09-01,Cebolla,865.76,20.5,4.0,142.1,1
2020-09-01,Cebolla,663.6,21.8,3.7,152.3,0
2020-09-01,Cebolla,564.83,20.2,4.3,145.7,1
2020-09-01,Esparrago,1913.2,20.0,1.9,146.0,1
2020-09-01,Esparrago,2219.77,19.1,2.2,151.6,0
2020-09-01,Esparrago,1895.58,20.3,5.9,142.4,1
2020-09-01,Esparrago,3093.56,19.8,1.0,158.7,0
2020-09-01,Esparrago,1582.0,19.0,3.7,146.0,0
2020-09-01,Esparrago,2103.44,21.6,3.9,135.0,0
2020-10-01,Arroz,989.87,22.9,10.6,145.8,0
2020-10-01,Arroz,1155.39,23.9,9.0,147.1,0
2020-10-01,Arroz,1097.65,24.6,2.0,146.7,0
2020-10-01,Arroz,982.34,21.8,6.2,142.3,0
2020-10-01,Arroz,957.9,23.8,11.8,134.6,0
2020-10-01,Arroz,1482.67,22.8,10.2,151.8,0
2020-10-01,Maiz,594.28,25.6,4.1,155.0,2
2020-10-01,Maiz,546.44,21.1,8.2,143.9,1
2020-10-01,Maiz,571.09,22.0,5.4,134.4,0
2020-10-01,Maiz,713.18,23.6,5.4,132.2,0
2020-10-01,Maiz,679.42,22.3,7.4,154.5,0
2020-10-01,Maiz,571.94,24.1,8.0,137.0,0
2020-10-01,Cebolla,488.15,23.2,7.7,142.5,0
2020-10-01,Cebolla,429.23,22.9,9.8,147.0,1
2020-10-01,Cebolla,1110.44,25.0,3.4,142.5,1
2020-10-01,Cebolla,320.81,23.2,7.8,135.2,0
2020-10-01,Cebolla,769.03,22.9,9.3,139.1,0
2020-10-01,Cebolla,314.41,25.5,9.5,144.6,1
2020-10-01,Esparrago,2625.54,23.2,6.0,137.2,0
2020-10-01,Esparrago,3309.35,23.8,11.6,148.1,0
2020-10-01,Esparrago,2606.71,22.6,11.5,141.4,1
2020-10-01,Esparrago,2612.74,24.1,9.0,154.2,1
2020-10-01,Esparrago,3387.11,23.6,1.8,136.0,0
2020-10-01,Esparrago,1850.66,21.4,6.8,149.6,1
2020-11-01,Arroz,1373.88,23.3,5.3,148.4,1
2020-11-01,Arroz,1048.42,20.5,6.8,146.1,0
2020-11-01,Arroz,1042.26,21.7,8.6,149.2,1
2020-11-01,Arroz,953.83,21.6,9.5,137.8,0
2020-11-01,Arroz,810.24,26.3,9.0,134.6,2
2020-11-01,Arroz,1221.56,23.4,8.6,131.1,0
2020-11-01,Maiz,608.33,23.9,10.1,144.4,0
2020-11-01,Maiz,527.08,21.5,4.0,146.8,1
2020-11-01,Maiz,539.9,24.0,3.5,143.8,0
2020-11-01,Maiz,714.48,22.9,11.6,147.5,0
2020-11-01,Maiz,875.28,23.7,7.2,147.9,0
2020-11-01,Maiz,729.66,22.8,7.0,131.7,0
2020-11-01,Cebolla,508.11,23.6,5.6,148.0,0
2020-11-01,Cebolla,755.37,21.8,12.2,134.1,0
2020-11-01,Cebolla,1459.71,23.7,11.5,151.7,0
2020-11-01,Cebolla,854.23,22.0,7.9,135.3,1
2020-11-01,Cebolla,795.14,22.6,9.7,141.0,0
2020-11-01,Cebolla,873.02,23.9,9.7,127.2,0
2020-11-01,Esparrago,3121.89,22.5,2.4,141.1,0
2020-11-01,Esparrago,2383.5,23.6,2.5,154.7,0
2020-11-01,Esparrago,1867.99,22.3,4.8,164.8,0
2020-11-01,Esparrago,1924.17,21.5,5.2,144.9,0
2020-11-01,Esparrago,2022.92,24.1,7.9,143.8,0
2020-11-01,Esparrago,1953.59,22.2,6.1,145.1,0
2020-12-01,Arroz,1017.63,24.0,12.3,150.2,1
2020-12-01,Arroz,1226.53,21.7,8.5,144.3,1
2020-12-01,Arroz,1428.71,23.5,4.8,134.6,0
2020-12-01,Arroz,1299.48,22.6,13.8,148.0,1
2020-12-01,Arroz,1461.75,25.4,9.3,144.0,0
2020-12-01,Arroz,1388.76,21.9,8.4,143.4,0
2020-12-01,Maiz,581.18,21.3,3.8,142.1,0
2020-12-01,Maiz,559.94,22.5,7.7,147.1,0
2020-12-01,Maiz,594.21,23.3,7.2,144.1,0
2020-12-01,Maiz,680.17,26.6,4.9,143.5,1
2020-12-01,Maiz,806.33,23.7,6.8,145.9,0
2020-12-01,Maiz,765.44,20.8,2.7,147.1,0
2020-12-01,Cebolla,1243.17,21.4,8.3,164.4,0
2020-12-01,Cebolla,912.61,22.7,2.9,136.7,0
2020-12-01,Cebolla,1289.95,21.4,8.2,146.5,0
2020-12-01,Cebolla,530.01,23.2,3.8,139.9,1
2020-12-01,Cebolla,716.93,22.5,6.3,138.0,1
2020-12-01,Cebolla,700.34,20.7,2.7,140.1,1
2020-12-01,Esparrago,2275.41,23.7,6.0,151.2,0
2020-12-01,Esparrago,3411.97,22.3,3.2,160.6,1
2020-12-01,Esparrago,3352.11,24.2,3.1,152.5,0
2020-12-01,Esparrago,3191.09,24.2,9.7,150.2,1
2020-12-01,Esparrago,3401.4,24.8,10.0,159.9,2
2020-12-01,Esparrago,1658.25,23.1,6.4,148.1,0
2021-01-01,Arroz,814.97,28.2,55.4,128.4,2
2021-01-01,Arroz,1248.23,29.0,38.5,156.6,1
2021-01-01,Arroz,1350.8,29.3,25.0,152.8,1
2021-01-01,Arroz,1083.4,25.8,43.1,151.8,1
2021-01-01,Arroz,1403.93,26.7,19.9,153.3,1
2021-01-01,Arroz,1361.17,26.6,52.0,150.5,2
2021-01-01,Maiz,637.5,27.6,35.5,147.0,2
2021-01-01,Maiz,600.16,28.6,50.7,137.6,2
2021-01-01,Maiz,613.88,28.5,59.7,142.9,2
2021-01-01,Maiz,732.58,26.6,22.2,136.3,2
2021-01-01,Maiz,746.66,25.4,36.1,160.3,0
2021-01-01,Maiz,567.23,31.0,49.0,138.2,2
2021-01-01,Cebolla,763.36,26.5,24.1,145.9,2
2021-01-01,Cebolla,1092.98,27.5,34.3,143.2,2
2021-01-01,Cebolla,1343.18,29.3,43.2,140.4,1
2021-01-01,Cebolla,978.77,31.7,27.8,155.7,2
2021-01-01,Cebolla,659.29,26.6,29.7,150.8,2
2021-01-01,Cebolla,358.26,29.8,56.3,149.8,2
2021-01-01,Esparrago,3257.23,28.7,30.0,149.4,0
2021-01-01,Esparrago,2857.11,26.3,46.8,166.5,2
2021-01-01,Esparrago,3470.38,30.4,34.7,157.3,1
2021-01-01,Esparrago,2531.61,30.2,24.6,149.1,1
2021-01-01,Esparrago,1573.4,27.6,35.4,150.7,2
2021-01-01,Esparrago,1885.83,28.3,21.8,144.1,2
2021-02-01,Arroz,975.18,30.5,44.0,141.1,2
2021-02-01,Arroz,1318.45,28.0,27.0,144.9,1
2021-02-01,Arroz,913.26,28.1,58.5,157.2,2
2021-02-01,Arroz,1247.72,30.5,53.3,143.1,2
2021-02-01,Arroz,1258.11,26.8,16.2,133.6,0
2021-02-01,Arroz,932.97,30.2,19.1,141.5,1
2021-02-01,Maiz,767.88,27.9,60.1,131.7,1
2021-02-01,Maiz,733.17,30.8,42.4,132.5,1
2021-02-01,Maiz,819.58,28.2,39.1,141.2,2
2021-02-01,Maiz,923.59,26.0,43.8,145.9,0
2021-02-01,Maiz,711.91,29.2,27.9,148.0,2
2021-02-01,Maiz,660.11,29.1,16.4,153.2,2
2021-02-01,Cebolla,1045.69,28.5,45.6,145.0,1
2021-02-01,Cebolla,238.63,27.3,36.0,147.4,2
2021-02-01,Cebolla,876.18,26.5,27.4,147.8,2
2021-02-01,Cebolla,589.55,29.8,43.6,143.6,1
2021-02-01,Cebolla,735.04,26.5,17.4,148.3,0
2021-02-01,Cebolla,915.52,30.2,36.5,136.3,2
2021-02-01,Esparrago,2857.66,26.0,47.6,150.9,0
2021-02-01,Esparrago,3171.37,27.4,37.4,155.2,2
2021-02-01,Esparrago,3563.22,26.8,34.7,147.8,1
2021-02-01,Esparrago,1685.72,28.4,39.7,154.4,2
2021-02-01,Esparrago,2597.2,27.6,45.6,162.0,2
2021-02-01,Esparrago,1871.26,30.6,28.5,152.9,1
2021-03-01,Arroz,991.39,30.2,44.5,150.2,2
2021-03-01,Arroz,1051.58,28.1,48.4,175.8,1
2021-03-01,Arroz,1003.42,29.1,30.6,140.7,2
2021-03-01,Arroz,1216.36,26.9,39.5,161.5,1
2021-03-01,Arroz,1019.26,26.6,37.7,147.8,2
2021-03-01,Arroz,1452.1,30.7,57.6,144.7,1
2021-03-01,Maiz,551.43,29.4,33.1,152.1,2
2021-03-01,Maiz,602.72,29.6,23.7,143.6,1
2021-03-01,Maiz,541.45,29.5,59.2,143.1,2
2021-03-01,Maiz,935.61,30.2,19.9,150.6,1
2021-03-01,Maiz,793.45,30.2,46.5,141.7,0
2021-03-01,Maiz,729.1,27.5,24.6,155.0,1
2021-03-01,Cebolla,953.21,25.3,53.9,151.0,1
2021-03-01,Cebolla,467.9,27.2,40.9,169.8,1
2021-03-01,Cebolla,1118.5,27.4,34.7,140.3,1
2021-03-01,Cebolla,1091.68,30.4,31.4,155.5,0
2021-03-01,Cebolla,565.12,31.0,34.1,158.7,0
2021-03-01,Cebolla,746.99,26.9,39.6,145.3,2
2021-03-01,Esparrago,2026.52,29.6,38.8,144.4,0
2021-03-01,Esparrago,2353.99,28.5,29.5,154.6,2
2021-03-01,Esparrago,2000.01,28.2,55.6,147.3,2
2021-03-01,Esparrago,1972.12,28.5,26.8,148.8,1
2021-03-01,Esparrago,2237.34,27.0,23.3,157.0,2
2021-03-01,Esparrago,1827.0,30.3,19.6,153.3,2
2021-04-01,Arroz,1133.12,23.6,10.5,148.5,1
2021-04-01,Arroz,1122.68,24.9,15.3,146.5,0
2021-04-01,Arroz,952.87,23.9,9.2,151.3,0
2021-04-01,Arroz,986.32,22.1,6.2,130.3,0
2021-04-01,Arroz,1291.97,23.9,11.8,158.6,0
2021-04-01,Arroz,995.15,25.2,10.5,154.4,0
2021-04-01,Maiz,534.3,24.0,8.2,155.4,1
2021-04-01,Maiz,843.21,21.2,13.5,154.7,0
2021-04-01,Maiz,586.96,24.2,10.3,144.5,0
2021-04-01,Maiz,586.17,23.4,10.8,154.3,1
2021-04-01,Maiz,685.07,26.6,5.2,151.4,1
2021-04-01,Maiz,533.64,24.6,16.0,151.3,0
2021-04-01,Cebolla,624.93,22.4,10.7,169.5,0
2021-04-01,Cebolla,1173.39,22.4,8.8,167.6,0
2021-04-01,Cebolla,659.26,24.0,12.2,158.8,0
2021-04-01,Cebolla,974.23,23.0,10.1,145.6,0
2021-04-01,Cebolla,549.21,24.9,13.2,153.9,0
2021-04-01,Cebolla,602.15,25.4,17.9,166.0,2
2021-04-01,Esparrago,3873.31,24.1,12.7,149.0,1
2021-04-01,Esparrago,3436.49,23.0,11.3,144.1,0
2021-04-01,Esparrago,2284.59,22.8,5.4,159.4,2
2021-04-01,Esparrago,2712.62,22.8,4.7,151.4,1
2021-04-01,Esparrago,1865.67,27.3,9.1,143.2,2
2021-04-01,Esparrago,2417.37,25.1,9.6,157.7,0
2021-05-01,Arroz,812.87,22.9,9.3,168.2,0
2021-05-01,Arroz,1040.6,23.3,3.6,158.8,1
2021-05-01,Arroz,745.07,24.1,15.9,142.6,2
2021-05-01,Arroz,842.87,23.0,5.7,156.3,0
2021-05-01,Arroz,1269.93,22.9,9.7,159.6,0
2021-05-01,Arroz,1134.22,24.1,8.1,148.1,2
2021-05-01,Maiz,787.84,22.4,14.9,169.7,1
2021-05-01,Maiz,692.52,24.9,6.7,162.3,1
2021-05-01,Maiz,862.26,24.9,7.1,151.7,0
2021-05-01,Maiz,687.89,22.7,9.9,149.8,0
2021-05-01,Maiz,469.19,25.7,4.3,150.1,2
2021-05-01,Maiz,575.95,23.0,15.4,162.6,0
2021-05-01,Cebolla,335.12,25.5,13.0,154.9,1
2021-05-01,Cebolla,618.49,22.5,12.2,158.6,0
2021-05-01,Cebolla,1140.75,25.5,11.5,148.3,0
2021-05-01,Cebolla,509.27,25.4,16.9,151.2,0
2021-05-01,Cebolla,457.91,24.4,10.0,166.4,1
2021-05-01,Cebolla,968.16,24.9,7.7,159.0,0
2021-05-01,Esparrago,3739.93,22.9,10.6,155.2,0
2021-05-01,Esparrago,1908.71,25.6,14.7,156.5,1
2021-05-01,Esparrago,3843.68,21.6,14.4,150.3,1
2021-05-01,Esparrago,2849.27,24.4,14.1,158.6,1
2021-05-01,Esparrago,4337.34,21.8,15.2,162.7,0
2021-05-01,Esparrago,2764.2,21.8,3.7,162.8,0
2021-06-01,Arroz,997.32,25.6,8.2,145.7,0
2021-06-01,Arroz,1187.87,22.9,10.2,140.3,0
2021-06-01,Arroz,996.53,21.2,4.8,154.5,1
2021-06-01,Arroz,750.35,24.5,10.0,164.5,0
2021-06-01,Arroz,1306.15,25.4,9.3,159.3,0
2021-06-01,Arroz,989.72,22.0,12.3,152.9,0
2021-06-01,Maiz,654.39,21.6,9.1,157.7,0
2021-06-01,Maiz,754.33,23.5,13.0,158.7,2
2021-06-01,Maiz,843.6,27.1,9.6,156.1,1
2021-06-01,Maiz,833.34,24.9,5.8,171.0,2
2021-06-01,Maiz,748.08,23.9,12.6,160.2,0
2021-06-01,Maiz,677.67,22.5,10.6,154.6,0
2021-06-01,Cebolla,917.91,26.4,12.1,147.5,1
2021-06-01,Cebolla,1269.28,22.4,10.5,152.3,0
2021-06-01,Cebolla,892.99,22.2,5.8,165.8,1
2021-06-01,Cebolla,452.01,23.7,12.7,148.0,2
2021-06-01,Cebolla,396.54,23.3,5.2,155.8,0
2021-06-01,Cebolla,847.39,23.3,17.3,155.5,0
2021-06-01,Esparrago,3334.27,24.0,9.1,155.2,0
2021-06-01,Esparrago,2644.03,24.8,6.1,159.0,0
2021-06-01,Esparrago,2826.23,23.4,9.9,154.7,0
2021-06-01,Esparrago,1919.51,24.3,14.4,173.5,0
2021-06-01,Esparrago,1599.91,25.2,9.3,163.1,2
2021-06-01,Esparrago,2596.87,21.8,6.3,150.3,0
2021-07-01,Arroz,1344.17,20.0,3.7,154.7,0
2021-07-01,Arroz,1285.12,19.8,3.3,147.8,1
2021-07-01,Arroz,1395.46,21.5,2.1,165.2,0
2021-07-01,Arroz,1294.43,19.0,4.3,142.4,0
2021-07-01,Arroz,869.35,20.3,5.0,156.3,0
2021-07-01,Arroz,1390.6,18.0,5.1,161.3,0
2021-07-01,Maiz,849.54,17.8,4.8,157.1,1
2021-07-01,Maiz,776.99,18.8,0.7,147.6,0
2021-07-01,Maiz,526.3,21.4,7.7,149.2,0
2021-07-01,Maiz,756.82,20.3,6.8,156.2,2
2021-07-01,Maiz,565.92,19.6,3.8,152.0,0
2021-07-01,Maiz,758.49,18.2,4.7,137.1,0
2021-07-01,Cebolla,289.51,21.4,5.5,158.2,0
2021-07-01,Cebolla,776.21,20.9,6.7,155.0,0
2021-07-01,Cebolla,793.06,20.3,2.7,155.3,1
2021-07-01,Cebolla,441.31,17.4,2.0,164.3,0
2021-07-01,Cebolla,708.0,20.0,3.7,154.2,0
2021-07-01,Cebolla,898.81,18.0,1.0,153.3,0
2021-07-01,Esparrago,2590.33,18.5,1.6,164.1,0
2021-07-01,Esparrago,2646.88,20.1,1.5,165.4,0
2021-07-01,Esparrago,1790.39,20.3,6.9,154.4,0
2021-07-01,Esparrago,3147.18,21.0,0.7,147.5,0
2021-07-01,Esparrago,2716.72,17.8,5.3,175.9,1
2021-07-01,Esparrago,2281.91,21.9,2.7,161.2,2
2021-08-01,Arroz,1251.06,22.1,2.8,165.5,0
2021-08-01,Arroz,1440.1,17.2,3.5,152.9,0
2021-08-01,Arroz,1040.01,21.3,5.8,150.8,0
2021-08-01,Arroz,1090.53,19.7,4.0,155.8,0
2021-08-01,Arroz,954.13,18.4,8.1,151.6,0
2021-08-01,Arroz,1214.95,19.9,2.5,157.1,0
2021-08-01,Maiz,674.2,18.3,1.9,151.0,0
2021-08-01,Maiz,736.6,21.1,4.4,152.4,0
2021-08-01,Maiz,608.63,19.6,3.3,164.3,1
2021-08-01,Maiz,601.14,17.9,2.8,160.8,0
2021-08-01,Maiz,547.73,18.7,4.0,160.1,1
2021-08-01,Maiz,635.11,18.6,4.0,157.7,1
2021-08-01,Cebolla,494.25,20.0,6.1,149.0,0
2021-08-01,Cebolla,805.01,19.3,6.0,134.3,0
2021-08-01,Cebolla,1193.63,19.5,3.9,167.7,0
2021-08-01,Cebolla,834.7,19.0,3.0,156.4,0
2021-08-01,Cebolla,754.92,18.9,2.5,149.3,0
2021-08-01,Cebolla,1020.34,19.7,3.4,152.0,0
2021-08-01,Esparrago,3465.86,21.1,6.4,160.9,0
2021-08-01,Esparrago,2845.48,21.5,4.1,154.7,0
2021-08-01,Esparrago,2704.58,20.1,1.3,159.0,0
2021-08-01,Esparrago,2664.05,18.4,0.8,146.4,1
2021-08-01,Esparrago,3023.97,21.7,4.7,151.0,0
2021-08-01,Esparrago,3279.55,19.1,2.8,147.3,1
2021-09-01,Arroz,1024.78,18.7,2.4,159.8,0
2021-09-01,Arroz,1428.89,20.7,3.4,161.8,0
2021-09-01,Arroz,793.98,21.7,7.3,149.3,2
2021-09-01,Arroz,1162.14,19.7,0.8,164.3,1
2021-09-01,Arroz,1330.79,20.4,5.8,158.2,1
2021-09-01,Arroz,782.6,20.3,5.7,162.9,2
2021-09-01,Maiz,502.49,17.5,3.7,155.2,0
2021-09-01,Maiz,741.76,19.5,3.7,164.9,0
2021-09-01,Maiz,506.9,21.1,3.7,171.7,2
2021-09-01,Maiz,651.18,20.1,2.9,148.1,0
2021-09-01,Maiz,642.72,22.5,4.4,162.3,0
2021-09-01,Maiz,664.26,21.8,3.8,143.2,1
2021-09-01,Cebolla,758.32,21.3,6.9,161.5,0
2021-09-01,Cebolla,604.04,19.2,4.8,149.9,0
2021-09-01,Cebolla,459.19,20.7,1.5,165.7,0
2021-09-01,Cebolla,619.32,20.0,0.4,155.1,0
2021-09-01,Cebolla,351.14,20.4,2.6,164.1,0
2021-09-01,Cebolla,608.8,20.5,2.7,139.1,1
2021-09-01,Esparrago,3175.07,19.4,2.9,146.1,0
2021-09-01,Esparrago,2843.71,21.6,6.8,150.4,2
2021-09-01,Esparrago,3567.59,20.6,4.9,142.2,0
2021-09-01,Esparrago,2429.66,19.5,4.8,154.8,0
2021-09-01,Esparrago,1994.36,19.1,1.8,144.5,0
2021-09-01,Esparrago,1670.37,21.1,4.6,155.0,1
2021-10-01,Arroz,1469.58,23.2,5.1,155.8,0
2021-10-01,Arroz,1539.47,23.2,6.9,155.0,0
2021-10-01,Arroz,1341.14,22.4,2.8,146.3,0
2021-10-01,Arroz,1457.86,23.1,5.2,154.1,0
2021-10-01,Arroz,850.33,21.9,6.9,161.8,2
2021-10-01,Arroz,1446.76,22.2,4.1,153.5,1
2021-10-01,Maiz,765.64,20.3,11.7,164.7,2
2021-10-01,Maiz,886.72,25.8,10.3,154.7,0
2021-10-01,Maiz,698.73,24.4,4.8,157.1,1
2021-10-01,Maiz,616.63,22.5,8.9,155.7,0
2021-10-01,Maiz,747.69,22.0,10.0,173.4,1
2021-10-01,Maiz,610.65,22.4,4.9,157.2,1
2021-10-01,Cebolla,649.44,19.3,6.1,151.9,0
2021-10-01,Cebolla,660.43,21.9,4.3,169.4,0
2021-10-01,Cebolla,593.4,25.3,5.3,158.2,0
2021-10-01,Cebolla,1158.19,22.4,5.6,156.8,0
2021-10-01,Cebolla,590.07,21.2,4.7,161.4,1
2021-10-01,Cebolla,996.87,22.6,8.9,162.9,0
2021-10-01,Esparrago,2683.63,23.6,6.6,155.5,0
2021-10-01,Esparrago,2242.75,22.4,6.5,159.1,0
2021-10-01,Esparrago,1873.57,22.9,9.3,167.7,1
2021-10-01,Esparrago,2156.53,24.8,8.1,161.0,0
2021-10-01,Esparrago,2545.99,21.3,7.9,134.4,0
2021-10-01,Esparrago,1896.67,21.5,5.4,161.5,0
2021-11-01,Arroz,1274.7,25.7,8.8,159.8,0
2021-11-01,Arroz,913.51,21.4,5.1,154.9,0
2021-11-01,Arroz,977.63,23.3,6.7,158.1,0
2021-11-01,Arroz,1191.25,22.7,2.6,155.5,1
2021-11-01,Arroz,1211.15,24.0,8.2,158.2,0
2021-11-01,Arroz,1434.29,23.1,8.2,176.7,0
2021-11-01,Maiz,561.4,21.7,8.6,148.8,0
2021-11-01,Maiz,654.76,25.3,9.5,164.8,0
2021-11-01,Maiz,843.83,21.5,4.6,156.9,0
2021-11-01,Maiz,512.83,24.0,6.0,156.5,2
2021-11-01,Maiz,555.62,22.6,5.8,147.4,0
2021-11-01,Maiz,753.64,21.4,10.1,160.6,2
2021-11-01,Cebolla,1091.97,22.9,7.7,158.8,0
2021-11-01,Cebolla,641.21,22.5,3.6,155.8,0
2021-11-01,Cebolla,1543.8,19.9,1.4,157.9,0
2021-11-01,Cebolla,1260.94,23.7,9.0,144.2,0
2021-11-01,Cebolla,465.69,23.1,5.7,155.2,2
2021-11-01,Cebolla,971.36,25.4,6.2,141.6,1
2021-11-01,Esparrago,2119.15,20.7,3.4,155.5,0
2021-11-01,Esparrago,3656.59,24.0,2.4,148.5,0
2021-11-01,Esparrago,3374.13,21.3,10.1,161.2,0
2021-11-01,Esparrago,2918.99,21.7,3.1,153.4,0
2021-11-01,Esparrago,2687.67,22.9,11.1,162.7,0
2021-11-01,Esparrago,3073.46,23.7,5.9,174.1,0
2021-12-01,Arroz,945.93,24.6,8.3,137.5,0
2021-12-01,Arroz,895.0,22.9,12.2,151.1,0
2021-12-01,Arroz,1346.03,23.4,4.6,164.9,2
2021-12-01,Arroz,933.51,20.5,10.3,161.7,2
2021-12-01,Arroz,1473.36,22.4,8.9,171.5,0
2021-12-01,Arroz,1361.88,22.4,5.7,158.1,0
2021-12-01,Maiz,818.72,25.3,8.5,141.1,1
2021-12-01,Maiz,862.74,24.1,7.5,157.4,0
2021-12-01,Maiz,649.98,21.9,6.6,179.5,0
2021-12-01,Maiz,565.21,22.1,10.7,149.5,0
2021-12-01,Maiz,598.55,22.2,5.8,154.4,1
2021-12-01,Maiz,643.23,22.0,6.4,170.2,2
2021-12-01,Cebolla,511.48,23.9,9.9,159.3,0
2021-12-01,Cebolla,724.76,22.9,8.2,158.0,0
2021-12-01,Cebolla,1515.81,23.5,9.3,158.9,0
2021-12-01,Cebolla,1299.87,24.0,8.2,159.4,0
2021-12-01,Cebolla,694.99,24.8,4.7,165.1,1
2021-12-01,Cebolla,1145.98,21.6,6.6,158.4,1
2021-12-01,Esparrago,1928.2,20.7,4.8,155.0,2
2021-12-01,Esparrago,1385.71,23.4,9.0,159.0,2
2021-12-01,Esparrago,2693.6,21.5,6.4,158.5,2
2021-12-01,Esparrago,2511.64,21.6,2.2,157.7,0
2021-12-01,Esparrago,2045.82,24.2,3.4,167.5,0
2021-12-01,Esparrago,2343.39,23.6,6.0,163.3,0
2022-01-01,Arroz,1237.02,28.6,33.7,148.2,2
2022-01-01,Arroz,1029.51,28.1,57.4,168.4,2
2022-01-01,Arroz,819.69,29.6,32.6,153.6,2
2022-01-01,Arroz,1317.19,30.6,32.1,146.8,2
2022-01-01,Arroz,1204.0,28.0,51.3,170.2,1
2022-01-01,Arroz,1114.11,25.1,54.1,163.3,0
2022-01-01,Maiz,873.16,30.1,37.1,153.9,1
2022-01-01,Maiz,732.75,26.5,53.3,149.7,1
2022-01-01,Maiz,891.59,26.0,26.9,156.8,1
2022-01-01,Maiz,642.93,26.4,28.5,156.4,2
2022-01-01,Maiz,863.25,28.7,27.2,152.2,1
2022-01-01,Maiz,833.75,26.6,32.9,156.3,1
2022-01-01,Cebolla,1300.91,27.3,51.7,161.8,2
2022-01-01,Cebolla,883.24,26.4,22.2,160.7,2
2022-01-01,Cebolla,362.35,27.1,45.5,165.1,2
2022-01-01,Cebolla,837.79,31.4,27.0,174.9,2
2022-01-01,Cebolla,466.18,27.2,38.8,153.0,2
2022-01-01,Cebolla,1334.42,25.5,40.9,157.5,1
2022-01-01,Esparrago,1718.2,28.4,39.9,157.6,2
2022-01-01,Esparrago,2074.12,29.6,50.4,153.4,2
2022-01-01,Esparrago,3741.91,26.9,51.2,159.9,1
2022-01-01,Esparrago,3072.33,31.3,30.6,161.4,1
2022-01-01,Esparrago,3135.45,27.9,51.3,151.8,0
2022-01-01,Esparrago,3002.09,27.4,41.0,158.8,2
2022-02-01,Arroz,963.98,28.5,46.1,160.5,2
2022-02-01,Arroz,951.73,28.1,21.7,173.9,2
2022-02-01,Arroz,1375.28,27.3,27.3,159.1,0
2022-02-01,Arroz,968.31,29.9,58.4,167.7,2
2022-02-01,Arroz,1048.77,25.7,41.7,164.5,2
2022-02-01,Arroz,1227.45,29.1,45.0,177.3,2
2022-02-01,Maiz,809.98,29.1,50.0,150.1,2
2022-02-01,Maiz,481.31,29.0,18.1,158.4,2
2022-02-01,Maiz,560.86,28.4,43.0,166.2,2
2022-02-01,Maiz,654.7,30.7,30.1,169.2,1
2022-02-01,Maiz,595.23,31.0,32.0,166.0,2
2022-02-01,Maiz,749.31,26.8,21.6,158.3,2
2022-02-01,Cebolla,634.82,25.7,16.4,160.3,1
2022-02-01,Cebolla,862.72,29.9,34.9,167.6,1
2022-02-01,Cebolla,643.0,26.8,18.6,164.5,1
2022-02-01,Cebolla,507.48,29.9,56.8,164.2,2
2022-02-01,Cebolla,885.2,28.0,55.1,164.8,1
2022-02-01,Cebolla,813.03,29.3,60.3,164.2,1
2022-02-01,Esparrago,1929.92,28.4,47.3,173.7,2
2022-02-01,Esparrago,2147.09,27.3,21.1,167.9,2
2022-02-01,Esparrago,3752.99,28.4,46.7,167.6,0
2022-02-01,Esparrago,2142.87,27.3,25.0,163.9,2
2022-02-01,Esparrago,3379.86,29.8,28.9,157.1,1
2022-02-01,Esparrago,1740.86,28.2,19.6,159.2,2
2022-03-01,Arroz,1030.71,29.2,62.3,163.6,2
2022-03-01,Arroz,1383.99,25.7,44.5,156.5,1
2022-03-01,Arroz,1491.1,25.5,42.8,175.2,0
2022-03-01,Arroz,1309.07,31.8,59.7,173.6,1
2022-03-01,Arroz,1289.45,29.3,35.2,157.0,2
2022-03-01,Arroz,1256.33,27.4,60.9,163.3,1
2022-03-01,Maiz,685.18,25.4,21.5,164.2,1
2022-03-01,Maiz,737.01,29.0,32.9,173.8,2
2022-03-01,Maiz,858.07,30.3,31.9,161.8,2
2022-03-01,Maiz,856.46,26.4,53.0,166.1,1
2022-03-01,Maiz,809.96,30.0,34.0,164.3,1
2022-03-01,Maiz,926.54,28.4,34.1,159.3,1
2022-03-01,Cebolla,1179.68,30.6,45.7,162.7,0
2022-03-01,Cebolla,1012.35,31.2,28.6,157.3,2
2022-03-01,Cebolla,874.69,27.0,52.4,166.8,1
2022-03-01,Cebolla,932.22,29.3,40.1,168.6,1
2022-03-01,Cebolla,679.4,26.2,57.5,148.5,2
2022-03-01,Cebolla,366.14,30.3,49.0,151.5,2
2022-03-01,Esparrago,3075.2,26.4,17.9,154.6,0
2022-03-01,Esparrago,3001.52,27.2,17.0,168.7,1
2022-03-01,Esparrago,4139.35,30.7,59.3,173.0,1
2022-03-01,Esparrago,2662.07,29.6,20.9,158.8,2
2022-03-01,Esparrago,2533.5,28.6,44.4,151.8,2
2022-03-01,Esparrago,3343.8,29.7,19.4,163.1,2
2022-04-01,Arroz,824.9,23.4,7.8,162.1,2
2022-04-01,Arroz,946.32,25.1,10.3,156.5,1
2022-04-01,Arroz,1203.52,24.1,10.0,160.9,0
2022-04-01,Arroz,1037.56,25.9,10.7,171.9,0
2022-04-01,Arroz,842.64,22.8,16.8,164.9,0
2022-04-01,Arroz,1177.17,24.8,7.4,172.8,0
2022-04-01,Maiz,570.65,27.3,9.5,171.4,2
2022-04-01,Maiz,714.54,24.8,14.6,159.4,0
2022-04-01,Maiz,905.25,24.0,6.1,167.8,1
2022-04-01,Maiz,744.16,23.8,10.9,167.2,0
2022-04-01,Maiz,824.86,24.8,7.4,164.7,0
2022-04-01,Maiz,724.15,25.7,16.9,157.5,1
2022-04-01,Cebolla,476.16,23.0,12.8,166.8,0
2022-04-01,Cebolla,330.19,25.7,3.9,170.1,0
2022-04-01,Cebolla,685.07,22.5,13.2,157.4,1
2022-04-01,Cebolla,914.91,24.6,13.8,162.1,1
2022-04-01,Cebolla,741.41,25.1,11.3,169.6,0
2022-04-01,Cebolla,1144.88,26.0,6.3,152.5,0
2022-04-01,Esparrago,2260.82,23.2,14.1,170.8,0
2022-04-01,Esparrago,3098.97,22.9,7.0,167.5,0
2022-04-01,Esparrago,2363.81,24.1,7.0,175.5,0
2022-04-01,Esparrago,3259.45,21.9,8.7,156.3,0
2022-04-01,Esparrago,1920.96,23.0,4.7,164.5,0
2022-04-01,Esparrago,3841.21,21.5,12.0,161.4,1
2022-05-01,Arroz,982.18,25.6,8.4,167.1,0
2022-05-01,Arroz,1030.48,26.6,16.3,162.6,1
2022-05-01,Arroz,1205.65,23.1,8.4,175.2,0
2022-05-01,Arroz,853.13,25.3,10.4,171.2,0
2022-05-01,Arroz,1048.6,25.8,6.0,159.6,0
2022-05-01,Arroz,1035.44,22.5,4.6,163.9,0
2022-05-01,Maiz,541.92,25.7,13.8,163.3,0
2022-05-01,Maiz,688.09,26.4,5.5,175.2,2
2022-05-01,Maiz,792.22,24.5,9.1,170.7,0
2022-05-01,Maiz,630.03,26.3,8.8,169.7,1
2022-05-01,Maiz,984.51,25.5,15.2,155.3,1
2022-05-01,Maiz,880.47,22.6,10.9,182.9,1
2022-05-01,Cebolla,772.83,24.6,7.7,153.4,1
2022-05-01,Cebolla,435.67,23.7,14.1,171.3,0
2022-05-01,Cebolla,1075.78,23.3,3.1,159.2,0
2022-05-01,Cebolla,363.94,25.2,11.1,171.3,1
2022-05-01,Cebolla,908.95,26.7,8.1,161.9,2
2022-05-01,Cebolla,432.82,23.2,8.2,170.4,0
2022-05-01,Esparrago,2604.26,22.6,15.5,164.1,0
2022-05-01,Esparrago,2036.05,22.2,15.1,164.5,0
2022-05-01,Esparrago,3223.5,25.5,6.3,169.8,0
2022-05-01,Esparrago,1888.3,24.4,14.7,169.5,0
2022-05-01,Esparrago,2651.05,25.7,15.4,160.6,1
2022-05-01,Esparrago,2943.5,24.0,15.0,173.9,0
2022-06-01,Arroz,985.59,25.2,15.3,160.0,1
2022-06-01,Arroz,1031.09,21.8,5.1,162.6,0
2022-06-01,Arroz,784.08,25.9,9.8,154.3,2
2022-06-01,Arroz,865.89,24.4,15.1,177.5,0
2022-06-01,Arroz,1015.72,23.4,16.0,175.7,0
2022-06-01,Arroz,846.93,23.6,14.1,166.5,0
2022-06-01,Maiz,561.27,24.9,10.8,148.3,0
2022-06-01,Maiz,618.07,24.8,5.9,157.2,1
2022-06-01,Maiz,675.07,22.8,5.3,164.3,2
2022-06-01,Maiz,695.98,22.4,4.8,181.7,1
2022-06-01,Maiz,766.68,25.1,8.6,163.7,0
2022-06-01,Maiz,877.99,22.5,8.0,164.0,0
2022-06-01,Cebolla,573.06,23.7,8.7,162.3,0
2022-06-01,Cebolla,1031.43,24.2,6.1,160.1,0
2022-06-01,Cebolla,640.22,23.6,8.9,159.2,1
2022-06-01,Cebolla,1080.62,22.3,2.9,173.3,0
2022-06-01,Cebolla,480.37,24.6,13.2,160.6,0
2022-06-01,Cebolla,812.69,25.9,9.0,162.2,0
2022-06-01,Esparrago,2794.87,24.3,10.0,173.0,0
2022-06-01,Esparrago,3524.33,25.1,10.2,152.6,0
2022-06-01,Esparrago,2347.29,24.3,9.3,159.9,0
2022-06-01,Esparrago,3874.44,24.1,8.8,198.0,0
2022-06-01,Esparrago,1700.09,21.8,2.3,161.9,2
2022-06-01,Esparrago,3684.66,22.9,5.0,155.4,0
2022-07-01,Arroz,1138.34,22.2,7.5,147.0,1
2022-07-01,Arroz,1221.73,18.4,4.7,165.3,0
2022-07-01,Arroz,1447.15,21.7,4.0,172.5,0
2022-07-01,Arroz,1221.28,18.7,3.2,162.5,1
2022-07-01,Arroz,1282.43,19.4,4.6,170.8,0
2022-07-01,Arroz,939.27,20.5,2.5,157.5,0
2022-07-01,Maiz,758.34,20.5,4.8,167.8,0
2022-07-01,Maiz,746.09,21.8,4.7,164.8,0
2022-07-01,Maiz,788.99,20.7,6.8,172.1,0
2022-07-01,Maiz,690.32,21.1,8.1,156.1,1
2022-07-01,Maiz,587.51,22.0,9.4,165.1,0
2022-07-01,Maiz,761.16,19.1,2.2,176.7,0
2022-07-01,Cebolla,978.96,18.6,7.0,176.7,0
2022-07-01,Cebolla,968.84,19.0,4.3,168.7,1
2022-07-01,Cebolla,1123.39,19.6,3.7,158.2,0
2022-07-01,Cebolla,820.9,21.8,7.5,161.2,0
2022-07-01,Cebolla,1116.94,19.2,3.4,162.5,1
2022-07-01,Cebolla,1021.21,20.1,4.2,163.7,0
2022-07-01,Esparrago,2952.86,17.8,7.4,179.7,0
2022-07-01,Esparrago,2804.89,20.4,5.3,166.9,0
2022-07-01,Esparrago,1920.93,19.5,3.4,189.6,0
2022-07-01,Esparrago,3661.14,20.3,7.4,152.9,0
2022-07-01,Esparrago,1954.58,18.6,3.9,148.8,0
2022-07-01,Esparrago,2064.15,22.0,4.5,168.1,0
2022-08-01,Arroz,932.24,18.8,3.3,168.7,1
2022-08-01,Arroz,920.17,18.4,6.4,163.3,0
2022-08-01,Arroz,1045.52,19.9,7.6,176.1,0
2022-08-01,Arroz,898.11,21.4,4.7,162.2,0
2022-08-01,Arroz,1382.4,18.8,2.3,163.5,1
2022-08-01,Arroz,1328.39,18.5,4.4,157.4,0
2022-08-01,Maiz,601.57,18.8,2.0,161.0,0
2022-08-01,Maiz,635.02,18.9,4.2,178.6,0
2022-08-01,Maiz,589.21,21.4,5.3,160.4,0
2022-08-01,Maiz,596.45,20.2,3.1,170.4,1
2022-08-01,Maiz,598.79,22.4,2.0,173.2,0
2022-08-01,Maiz,770.28,18.3,1.7,168.2,0
2022-08-01,Cebolla,446.81,20.9,2.4,161.7,0
2022-08-01,Cebolla,615.14,20.7,2.0,164.4,1
2022-08-01,Cebolla,653.67,20.8,3.5,171.1,0
2022-08-01,Cebolla,647.76,17.8,1.6,162.0,0
2022-08-01,Cebolla,345.67,20.6,2.3,173.2,1
2022-08-01,Cebolla,905.11,20.8,5.2,174.9,0
2022-08-01,Esparrago,2009.54,18.0,1.7,157.5,1
2022-08-01,Esparrago,2035.33,21.4,2.9,175.5,1
2022-08-01,Esparrago,1778.24,17.1,4.7,146.2,2
2022-08-01,Esparrago,2672.12,19.8,3.4,159.9,1
2022-08-01,Esparrago,2260.71,19.7,0.8,170.5,0
2022-08-01,Esparrago,2581.48,19.3,5.2,163.0,0
2022-09-01,Arroz,846.27,18.5,3.0,179.9,0
2022-09-01,Arroz,1099.86,20.8,4.8,176.9,0
2022-09-01,Arroz,866.72,20.9,5.6,162.8,0
2022-09-01,Arroz,1136.33,19.2,2.9,184.7,0
2022-09-01,Arroz,1095.29,18.5,3.6,167.9,0
2022-09-01,Arroz,1329.19,18.9,2.4,187.8,0
2022-09-01,Maiz,821.87,21.1,2.4,163.0,0
2022-09-01,Maiz,688.22,20.5,2.8,169.1,0
2022-09-01,Maiz,726.65,18.1,5.7,174.0,0
2022-09-01,Maiz,778.84,19.7,5.6,170.5,0
2022-09-01,Maiz,765.3,18.5,1.6,164.9,2
2022-09-01,Maiz,646.92,22.7,5.5,179.0,0
2022-09-01,Cebolla,467.36,20.2,2.5,171.1,1
2022-09-01,Cebolla,917.68,22.4,4.5,161.0,0
2022-09-01,Cebolla,1214.96,18.8,2.3,170.6,0
2022-09-01,Cebolla,904.65,20.3,2.6,181.1,0
2022-09-01,Cebolla,1185.42,20.2,5.9,161.8,0
2022-09-01,Cebolla,400.52,22.5,5.1,182.1,0
2022-09-01,Esparrago,2323.4,20.9,2.4,170.3,1
2022-09-01,Esparrago,1761.32,20.0,6.2,167.9,0
2022-09-01,Esparrago,1747.38,18.7,6.6,187.9,2
2022-09-01,Esparrago,2045.32,21.9,4.0,180.1,1
2022-09-01,Esparrago,3458.82,20.9,4.4,177.3,0
2022-09-01,Esparrago,2106.88,21.1,4.3,162.6,1
2022-10-01,Arroz,1330.99,23.0,6.7,168.8,0
2022-10-01,Arroz,1473.37,23.2,3.9,168.1,0
2022-10-01,Arroz,1093.73,20.9,6.8,179.4,0
2022-10-01,Arroz,1417.16,24.0,5.1,171.4,0
2022-10-01,Arroz,1137.44,22.6,1.5,166.6,0
2022-10-01,Arroz,991.12,22.6,3.5,164.5,0
2022-10-01,Maiz,815.3,25.4,2.2,173.2,0
2022-10-01,Maiz,725.81,21.3,8.8,165.2,0
2022-10-01,Maiz,609.31,21.4,2.6,168.2,0
2022-10-01,Maiz,612.44,25.5,5.4,164.5,0
2022-10-01,Maiz,800.05,23.0,5.9,189.3,0
2022-10-01,Maiz,570.02,22.5,6.5,154.2,0
2022-10-01,Cebolla,377.58,24.8,5.9,181.6,1
2022-10-01,Cebolla,568.36,23.0,6.0,174.9,1
2022-10-01,Cebolla,655.85,22.3,4.9,164.2,0
2022-10-01,Cebolla,790.97,24.4,5.1,164.1,2
2022-10-01,Cebolla,800.09,24.9,8.8,163.0,1
2022-10-01,Cebolla,1155.53,22.6,3.7,183.0,0
2022-10-01,Esparrago,2520.37,21.1,4.3,175.4,0
2022-10-01,Esparrago,2920.86,21.0,10.7,180.0,0
2022-10-01,Esparrago,1633.22,20.9,8.7,165.7,0
2022-10-01,Esparrago,2513.52,23.3,5.7,174.6,0
2022-10-01,Esparrago,1683.37,22.7,8.7,175.4,0
2022-10-01,Esparrago,1695.94,21.7,7.7,174.5,0
2022-11-01,Arroz,1055.2,21.7,7.9,164.6,0
2022-11-01,Arroz,1340.16,24.8,5.7,177.5,1
2022-11-01,Arroz,1094.71,24.2,2.4,159.0,0
2022-11-01,Arroz,1277.14,23.1,9.6,182.6,0
2022-11-01,Arroz,1577.19,24.1,9.2,173.7,0
2022-11-01,Arroz,1062.92,23.6,7.1,183.1,2
2022-11-01,Maiz,918.63,22.2,9.7,163.9,0
2022-11-01,Maiz,704.19,25.3,5.7,185.4,0
2022-11-01,Maiz,967.62,22.0,4.9,173.1,0
2022-11-01,Maiz,843.24,22.5,4.8,171.8,1
2022-11-01,Maiz,869.28,24.0,3.6,181.4,0
2022-11-01,Maiz,825.46,24.5,8.6,176.3,0
2022-11-01,Cebolla,393.23,23.8,8.6,183.4,0
2022-11-01,Cebolla,1241.42,23.6,8.6,160.8,1
2022-11-01,Cebolla,437.09,22.6,10.9,168.4,0
2022-11-01,Cebolla,716.75,23.5,11.1,173.4,0
2022-11-01,Cebolla,1081.57,23.6,7.4,180.2,2
2022-11-01,Cebolla,943.39,23.7,3.0,180.1,1
2022-11-01,Esparrago,2624.53,24.5,2.5,170.6,0
2022-11-01,Esparrago,2849.17,23.7,6.2,164.8,1
2022-11-01,Esparrago,1592.02,20.7,7.3,179.8,0
2022-11-01,Esparrago,3763.08,21.2,10.1,165.7,0
2022-11-01,Esparrago,3338.11,23.7,7.6,178.6,0
2022-11-01,Esparrago,1879.62,22.4,9.0,157.2,1
2022-12-01,Arroz,1089.47,22.2,6.9,165.5,0
2022-12-01,Arroz,1171.23,24.1,4.9,168.5,0
2022-12-01,Arroz,1379.19,24.0,5.7,175.5,0
2022-12-01,Arroz,906.79,21.5,4.6,181.1,1
2022-12-01,Arroz,1247.18,21.4,11.0,168.0,1
2022-12-01,Arroz,1056.14,20.8,8.4,166.6,0
2022-12-01,Maiz,922.63,22.1,2.2,173.2,0
2022-12-01,Maiz,659.4,22.8,4.0,191.9,0
2022-12-01,Maiz,916.86,22.3,4.4,162.3,0
2022-12-01,Maiz,527.79,24.5,4.4,184.5,1
2022-12-01,Maiz,650.56,22.0,9.2,181.7,0
2022-12-01,Maiz,751.77,20.0,6.1,175.4,0
2022-12-01,Cebolla,1498.66,21.4,3.6,163.8,1
2022-12-01,Cebolla,614.74,22.1,6.8,176.0,0
2022-12-01,Cebolla,1142.15,20.1,11.7,170.4,0
2022-12-01,Cebolla,436.77,20.7,3.7,174.2,0
2022-12-01,Cebolla,1172.72,22.3,5.9,170.8,0
2022-12-01,Cebolla,964.5,21.3,6.2,175.9,2
2022-12-01,Esparrago,1782.86,23.2,7.9,178.6,1
2022-12-01,Esparrago,1898.85,22.6,8.4,168.7,1
2022-12-01,Esparrago,2549.59,24.8,3.5,168.9,1
2022-12-01,Esparrago,1697.19,23.0,10.2,173.2,2
2022-12-01,Esparrago,2052.77,23.3,10.8,186.0,0
2022-12-01,Esparrago,1701.36,23.2,10.7,172.3,0
2023-01-01,Arroz,1051.96,28.7,34.9,177.6,2
2023-01-01,Arroz,1235.25,29.2,46.3,168.6,0
2023-01-01,Arroz,1293.16,27.4,29.3,183.0,2
2023-01-01,Arroz,758.07,30.3,52.3,164.3,2
2023-01-01,Arroz,1310.94,29.1,44.7,180.2,2
2023-01-01,Arroz,871.57,28.9,46.7,181.3,2
2023-01-01,Maiz,880.34,29.7,16.6,166.2,1
2023-01-01,Maiz,971.81,28.4,25.5,167.8,0
2023-01-01,Maiz,797.15,31.5,51.6,176.6,2
2023-01-01,Maiz,1008.35,28.3,39.8,180.3,1
2023-01-01,Maiz,862.13,29.3,16.6,180.0,0
2023-01-01,Maiz,634.35,27.0,25.8,165.2,1
2023-01-01,Cebolla,965.2,27.1,38.5,173.4,2
2023-01-01,Cebolla,1117.65,30.4,61.1,186.9,0
2023-01-01,Cebolla,556.2,27.8,21.4,176.9,2
2023-01-01,Cebolla,866.36,30.8,21.3,182.8,1
2023-01-01,Cebolla,973.43,26.5,55.9,186.1,2
2023-01-01,Cebolla,723.21,29.9,18.4,164.7,2
2023-01-01,Esparrago,2931.91,31.5,44.6,175.0,2
2023-01-01,Esparrago,3592.43,28.1,48.1,176.1,1
2023-01-01,Esparrago,3419.32,30.6,26.8,169.7,0
2023-01-01,Esparrago,3236.28,30.7,33.2,147.1,1
2023-01-01,Esparrago,2802.09,26.6,44.9,175.2,2
2023-01-01,Esparrago,2851.92,30.1,20.0,165.8,0
2023-02-01,Arroz,1215.55,26.3,29.1,165.2,1
2023-02-01,Arroz,1224.01,26.1,47.0,173.1,2
2023-02-01,Arroz,1072.92,29.0,47.2,168.8,2
2023-02-01,Arroz,811.29,26.6,33.0,177.2,2
2023-02-01,Arroz,1334.98,29.0,40.6,173.2,2
2023-02-01,Arroz,1308.98,28.9,51.5,171.4,0
2023-02-01,Maiz,770.18,30.9,49.4,174.9,1
2023-02-01,Maiz,936.66,30.8,40.5,174.7,1
2023-02-01,Maiz,678.36,30.5,25.7,176.5,2
2023-02-01,Maiz,547.66,30.4,23.5,172.1,2
2023-02-01,Maiz,868.21,26.9,20.9,183.8,0
2023-02-01,Maiz,558.92,27.2,53.3,158.6,2
2023-02-01,Cebolla,1101.16,26.5,47.0,163.7,0
2023-02-01,Cebolla,671.65,28.6,49.9,181.4,2
2023-02-01,Cebolla,1147.04,26.2,54.2,167.7,1
2023-02-01,Cebolla,744.84,29.4,36.8,180.8,1
2023-02-01,Cebolla,342.23,28.7,30.4,170.0,1
2023-02-01,Cebolla,770.87,28.8,38.7,175.8,2
2023-02-01,Esparrago,3497.24,27.1,26.9,184.7,2
2023-02-01,Esparrago,3702.38,31.1,33.8,176.7,1
2023-02-01,Esparrago,2526.99,32.2,31.8,170.7,2
2023-02-01,Esparrago,1910.73,28.7,38.5,173.6,2
2023-02-01,Esparrago,2168.93,25.1,39.0,160.8,1
2023-02-01,Esparrago,1440.71,30.3,20.1,196.2,2
2023-03-01,Arroz,1079.18,27.9,49.7,180.8,1
2023-03-01,Arroz,1391.58,28.4,33.3,177.8,1
2023-03-01,Arroz,828.51,30.2,41.2,169.1,2
2023-03-01,Arroz,1236.78,26.9,58.5,169.9,2
2023-03-01,Arroz,1130.89,30.1,48.7,167.7,2
2023-03-01,Arroz,1113.76,28.3,58.6,177.1,1
2023-03-01,Maiz,775.36,31.2,40.8,179.5,2
2023-03-01,Maiz,632.9,28.9,18.3,174.6,2
2023-03-01,Maiz,539.37,29.6,27.4,180.4,2
2023-03-01,Maiz,678.56,29.2,42.8,171.7,2
2023-03-01,Maiz,854.24,27.6,35.2,174.4,2
2023-03-01,Maiz,676.68,29.7,22.3,162.5,1
2023-03-01,Cebolla,773.29,29.4,32.4,190.8,2
2023-03-01,Cebolla,339.7,28.3,46.0,169.9,1
2023-03-01,Cebolla,329.09,28.5,48.5,187.1,2
2023-03-01,Cebolla,438.46,29.4,44.8,168.7,2
2023-03-01,Cebolla,372.17,27.2,35.9,179.5,2
2023-03-01,Cebolla,386.57,29.9,33.3,173.8,2
2023-03-01,Esparrago,3494.3,27.8,53.0,169.5,2
2023-03-01,Esparrago,2537.01,27.8,23.2,196.4,1
2023-03-01,Esparrago,2013.28,31.0,60.2,172.7,1
2023-03-01,Esparrago,3564.72,31.5,18.4,178.4,0
2023-03-01,Esparrago,3490.46,29.6,47.0,171.2,1
2023-03-01,Esparrago,2780.65,31.6,36.7,176.3,1
2023-04-01,Arroz,827.77,22.2,13.3,163.7,0
2023-04-01,Arroz,1122.3,26.0,10.9,176.9,1
2023-04-01,Arroz,812.47,25.2,11.1,176.0,0
2023-04-01,Arroz,1081.24,23.4,16.1,177.2,0
2023-04-01,Arroz,1058.06,23.8,5.8,165.2,0
2023-04-01,Arroz,1043.92,24.0,10.7,173.6,0
2023-04-01,Maiz,623.04,23.3,16.5,171.1,0
2023-04-01,Maiz,656.75,24.4,12.2,178.0,0
2023-04-01,Maiz,861.93,23.6,8.9,176.7,1
2023-04-01,Maiz,646.74,23.4,11.9,181.1,0
2023-04-01,Maiz,633.26,21.2,7.0,171.5,0
2023-04-01,Maiz,585.52,24.7,9.2,156.3,1
2023-04-01,Cebolla,981.61,23.6,8.4,183.8,0
2023-04-01,Cebolla,833.79,26.0,13.8,183.6,1
2023-04-01,Cebolla,1014.8,22.6,13.1,179.2,2
2023-04-01,Cebolla,780.9,26.4,13.7,168.8,1
2023-04-01,Cebolla,412.85,22.6,10.3,187.0,0
2023-04-01,Cebolla,869.91,23.3,6.1,186.1,0
2023-04-01,Esparrago,1870.78,22.1,15.3,180.8,0
2023-04-01,Esparrago,2575.69,24.5,3.1,169.0,0
2023-04-01,Esparrago,3532.39,22.2,14.3,167.7,0
2023-04-01,Esparrago,1968.0,23.4,15.1,193.2,0
2023-04-01,Esparrago,3177.68,23.7,8.8,168.5,0
2023-04-01,Esparrago,2957.36,24.7,7.8,180.2,1
2023-05-01,Arroz,1337.27,25.4,11.5,182.4,0
2023-05-01,Arroz,863.44,24.7,14.9,191.2,0
2023-05-01,Arroz,837.69,23.9,5.4,188.6,0
2023-05-01,Arroz,1116.27,25.8,12.7,178.3,0
2023-05-01,Arroz,1413.7,24.5,3.8,176.3,0
2023-05-01,Arroz,921.6,25.1,9.0,188.1,2
2023-05-01,Maiz,873.03,22.3,7.5,171.7,0
2023-05-01,Maiz,864.24,22.9,13.6,179.8,0
2023-05-01,Maiz,678.11,24.7,8.5,187.8,0
2023-05-01,Maiz,646.93,24.1,5.7,179.5,0
2023-05-01,Maiz,542.02,24.2,9.7,171.7,0
2023-05-01,Maiz,639.91,25.9,9.9,193.1,0
2023-05-01,Cebolla,737.36,25.8,14.2,173.1,0
2023-05-01,Cebolla,508.93,25.7,12.0,173.8,0
2023-05-01,Cebolla,412.53,24.9,8.3,166.6,0
2023-05-01,Cebolla,1053.83,26.8,10.7,168.9,0
2023-05-01,Cebolla,1231.39,24.2,4.1,186.1,0
2023-05-01,Cebolla,1030.49,23.7,6.9,179.8,0
2023-05-01,Esparrago,1935.38,25.2,8.0,165.6,1
2023-05-01,Esparrago,3725.02,21.7,13.5,175.0,0
2023-05-01,Esparrago,3949.48,23.1,6.5,174.2,0
2023-05-01,Esparrago,3791.85,24.9,11.2,178.2,0
2023-05-01,Esparrago,3155.29,25.4,10.6,175.0,0
2023-05-01,Esparrago,3617.75,24.8,8.1,167.4,0
2023-06-01,Arroz,1178.32,23.3,2.9,190.2,1
2023-06-01,Arroz,1029.77,25.9,6.1,190.2,0
2023-06-01,Arroz,1264.16,24.0,11.4,169.7,1
2023-06-01,Arroz,1076.69,24.6,14.3,198.6,0
2023-06-01,Arroz,983.88,23.8,11.3,179.6,0
2023-06-01,Arroz,904.4,23.4,14.5,181.5,0
2023-06-01,Maiz,618.41,23.9,13.2,181.3,2
2023-06-01,Maiz,727.32,23.0,6.0,176.2,0
2023-06-01,Maiz,557.32,23.9,14.3,178.4,0
2023-06-01,Maiz,704.46,24.4,15.2,179.8,0
2023-06-01,Maiz,828.19,25.7,6.9,191.4,1
2023-06-01,Maiz,778.48,22.6,13.3,173.4,0
2023-06-01,Cebolla,485.9,25.3,6.7,176.9,1
2023-06-01,Cebolla,662.43,25.9,10.7,169.8,1
2023-06-01,Cebolla,991.44,21.6,10.4,173.7,0
2023-06-01,Cebolla,1042.3,22.1,11.6,186.5,0
2023-06-01,Cebolla,660.71,22.7,17.2,194.3,1
2023-06-01,Cebolla,360.08,26.8,14.9,177.4,0
2023-06-01,Esparrago,1833.42,23.5,6.3,169.8,1
2023-06-01,Esparrago,3038.93,24.1,8.0,183.2,0
2023-06-01,Esparrago,2747.93,23.0,4.4,183.7,0
2023-06-01,Esparrago,3135.93,26.3,7.1,182.3,0
2023-06-01,Esparrago,1967.47,23.4,7.0,177.6,0
2023-06-01,Esparrago,3227.79,27.4,9.0,165.7,0
2023-07-01,Arroz,1096.46,19.8,6.8,183.0,0
2023-07-01,Arroz,931.45,20.2,5.0,181.7,1
2023-07-01,Arroz,1212.43,21.8,6.4,180.7,0
2023-07-01,Arroz,1082.66,20.9,3.8,172.5,0
2023-07-01,Arroz,1247.01,20.9,2.2,175.4,2
2023-07-01,Arroz,842.91,18.9,7.7,174.2,1
2023-07-01,Maiz,712.0,17.4,1.6,165.6,1
2023-07-01,Maiz,960.4,18.4,1.1,171.9,0
2023-07-01,Maiz,593.82,22.0,5.5,179.1,1
2023-07-01,Maiz,582.3,17.4,4.0,182.0,0
2023-07-01,Maiz,515.38,18.1,5.1,198.1,1
2023-07-01,Maiz,555.71,17.7,6.4,185.5,1
2023-07-01,Cebolla,638.96,21.6,3.0,191.2,0
2023-07-01,Cebolla,500.11,20.1,1.3,172.1,1
2023-07-01,Cebolla,1012.57,20.0,5.0,175.4,1
2023-07-01,Cebolla,791.96,18.1,5.1,189.2,2
2023-07-01,Cebolla,355.87,19.6,2.9,180.3,1
2023-07-01,Cebolla,787.47,20.8,1.9,199.4,0
2023-07-01,Esparrago,1727.75,19.8,4.2,174.1,1
2023-07-01,Esparrago,2835.36,18.9,5.0,179.3,0
2023-07-01,Esparrago,2197.68,16.2,2.5,185.1,0
2023-07-01,Esparrago,1911.35,20.6,5.0,184.8,0
2023-07-01,Esparrago,3620.36,21.9,1.9,192.3,0
2023-07-01,Esparrago,1883.34,21.8,4.5,180.2,1
2023-08-01,Arroz,1558.53,20.9,3.8,185.7,0
2023-08-01,Arroz,1323.87,19.6,5.6,184.5,0
2023-08-01,Arroz,905.72,20.3,4.8,188.1,0
2023-08-01,Arroz,1333.7,21.2,2.6,176.5,1
2023-08-01,Arroz,975.07,21.4,3.2,166.8,0
2023-08-01,Arroz,972.42,19.0,3.7,183.0,0
2023-08-01,Maiz,651.44,19.7,2.6,181.1,2
2023-08-01,Maiz,726.99,16.5,1.6,182.6,0
2023-08-01,Maiz,591.11,20.6,1.8,192.0,0
2023-08-01,Maiz,553.11,19.7,2.9,183.3,0
2023-08-01,Maiz,795.61,17.9,7.1,173.1,0
2023-08-01,Maiz,617.85,18.6,4.1,165.1,1
2023-08-01,Cebolla,892.7,20.3,2.6,184.3,1
2023-08-01,Cebolla,849.28,21.7,5.7,183.5,1
2023-08-01,Cebolla,1116.97,17.5,3.3,178.6,1
2023-08-01,Cebolla,921.63,19.9,2.9,192.3,0
2023-08-01,Cebolla,658.75,21.0,3.8,193.8,0
2023-08-01,Cebolla,633.89,19.2,2.8,186.1,1
2023-08-01,Esparrago,3263.89,20.3,2.8,187.2,0
2023-08-01,Esparrago,1943.12,18.0,3.2,182.7,0
2023-08-01,Esparrago,3094.21,17.6,2.1,174.5,1
2023-08-01,Esparrago,2045.64,19.1,3.7,183.1,0
2023-08-01,Esparrago,2323.53,19.5,3.6,179.5,0
2023-08-01,Esparrago,2337.33,20.2,3.8,184.9,0
2023-09-01,Arroz,1457.3,22.7,2.9,185.0,0
2023-09-01,Arroz,1514.04,20.1,7.6,195.8,1
2023-09-01,Arroz,1021.33,21.2,2.1,165.5,1
2023-09-01,Arroz,1404.1,19.0,6.5,187.5,0
2023-09-01,Arroz,1020.75,17.5,6.7,193.3,0
2023-09-01,Arroz,888.66,19.8,2.0,174.0,0
2023-09-01,Maiz,675.78,19.1,4.4,187.6,0
2023-09-01,Maiz,914.83,21.3,3.6,176.4,1
2023-09-01,Maiz,648.82,22.6,1.2,199.3,0
2023-09-01,Maiz,752.6,19.1,0.7,187.7,0
2023-09-01,Maiz,600.09,21.1,4.6,180.8,0
2023-09-01,Maiz,779.44,22.8,3.6,168.7,0
2023-09-01,Cebolla,939.56,18.5,3.7,192.3,1
2023-09-01,Cebolla,1007.52,21.5,6.8,192.4,0
2023-09-01,Cebolla,1005.63,17.8,3.4,186.2,2
2023-09-01,Cebolla,1118.31,18.1,4.9,183.4,0
2023-09-01,Cebolla,997.66,19.9,2.1,195.6,2
2023-09-01,Cebolla,1204.43,19.5,3.7,175.4,0
2023-09-01,Esparrago,3592.82,22.1,2.5,171.9,0
2023-09-01,Esparrago,2314.2,19.6,2.8,179.8,0
2023-09-01,Esparrago,2813.52,18.2,4.5,180.8,1
2023-09-01,Esparrago,2391.4,20.3,4.1,190.5,0
2023-09-01,Esparrago,1952.59,20.4,5.5,168.5,0
2023-09-01,Esparrago,2908.09,18.0,6.0,194.5,0
2023-10-01,Arroz,1232.39,22.7,12.2,169.1,0
2023-10-01,Arroz,1006.88,21.5,10.3,175.4,0
2023-10-01,Arroz,1341.28,23.8,9.7,188.7,1
2023-10-01,Arroz,992.41,25.0,9.3,177.3,0
2023-10-01,Arroz,1215.18,24.1,9.9,177.6,0
2023-10-01,Arroz,1226.99,21.9,10.1,166.8,1
2023-10-01,Maiz,800.1,21.7,2.9,173.1,0
2023-10-01,Maiz,822.86,23.1,4.2,192.3,0
2023-10-01,Maiz,770.52,22.2,10.7,193.9,1
2023-10-01,Maiz,763.05,22.3,6.6,181.4,2
2023-10-01,Maiz,657.82,22.3,8.7,183.9,1
2023-10-01,Maiz,700.04,22.7,9.8,187.1,0
2023-10-01,Cebolla,449.13,23.8,5.8,190.1,0
2023-10-01,Cebolla,506.86,22.1,3.8,173.1,0
2023-10-01,Cebolla,614.87,23.7,4.1,177.0,0
2023-10-01,Cebolla,738.37,24.2,7.2,187.2,1
2023-10-01,Cebolla,1154.99,23.7,11.6,180.8,1
2023-10-01,Cebolla,1188.81,21.1,5.1,186.9,0
2023-10-01,Esparrago,2700.57,24.7,3.8,175.9,0
2023-10-01,Esparrago,3607.88,23.3,9.6,184.5,1
2023-10-01,Esparrago,1722.15,25.4,3.6,186.8,1
2023-10-01,Esparrago,2330.28,24.6,3.5,184.6,0
2023-10-01,Esparrago,2621.03,23.4,8.8,186.8,0
2023-10-01,Esparrago,3431.46,22.9,8.8,176.7,0
2023-11-01,Arroz,1489.21,25.0,3.7,187.7,0
2023-11-01,Arroz,1301.16,21.4,10.6,190.0,0
2023-11-01,Arroz,977.62,21.6,2.8,181.5,1
2023-11-01,Arroz,1047.09,25.6,7.5,188.3,0
2023-11-01,Arroz,1247.4,21.6,11.0,188.0,0
2023-11-01,Arroz,1456.78,22.8,7.9,186.6,0
2023-11-01,Maiz,490.05,22.3,6.6,185.1,2
2023-11-01,Maiz,855.06,21.5,2.4,180.5,0
2023-11-01,Maiz,575.85,23.3,4.4,185.3,1
2023-11-01,Maiz,609.65,22.4,1.8,194.9,0
2023-11-01,Maiz,919.47,22.7,14.6,188.9,0
2023-11-01,Maiz,604.2,22.1,6.6,174.2,0
2023-11-01,Cebolla,1371.42,23.0,4.5,183.2,0
2023-11-01,Cebolla,742.79,22.8,10.0,195.4,0
2023-11-01,Cebolla,496.93,23.3,6.6,193.4,0
2023-11-01,Cebolla,521.97,22.1,7.1,187.7,1
2023-11-01,Cebolla,555.81,22.4,7.4,182.5,0
2023-11-01,Cebolla,497.62,23.0,3.5,190.7,1
2023-11-01,Esparrago,1727.78,24.5,8.1,174.1,0
2023-11-01,Esparrago,2044.4,20.8,3.4,177.8,1
2023-11-01,Esparrago,3130.99,24.5,10.0,180.7,1
2023-11-01,Esparrago,2329.03,21.5,8.4,177.6,0
2023-11-01,Esparrago,3401.63,24.0,10.2,181.2,1
2023-11-01,Esparrago,1987.69,23.4,9.5,181.7,0
2023-12-01,Arroz,1257.81,21.4,7.0,182.9,1
2023-12-01,Arroz,1051.15,20.4,4.6,187.1,0
2023-12-01,Arroz,1357.87,20.3,4.9,193.8,2
2023-12-01,Arroz,1423.12,23.8,8.4,187.2,0
2023-12-01,Arroz,992.83,21.7,6.4,193.0,2
2023-12-01,Arroz,979.21,24.1,4.4,207.9,1
2023-12-01,Maiz,535.41,22.3,6.1,176.8,0
2023-12-01,Maiz,804.19,21.6,7.4,192.9,0
2023-12-01,Maiz,725.28,23.3,8.6,184.5,2
2023-12-01,Maiz,825.59,23.6,8.1,179.5,0
2023-12-01,Maiz,903.67,22.9,1.8,187.4,0
2023-12-01,Maiz,761.86,23.5,3.5,181.2,0
2023-12-01,Cebolla,1378.29,21.2,8.5,184.1,0
2023-12-01,Cebolla,848.08,22.7,5.3,189.7,0
2023-12-01,Cebolla,1222.72,21.9,10.3,176.4,1
2023-12-01,Cebolla,377.77,21.4,9.1,166.4,1
2023-12-01,Cebolla,491.91,23.7,7.6,187.0,1
2023-12-01,Cebolla,1102.23,25.1,7.2,208.8,0
2023-12-01,Esparrago,3558.61,21.3,11.3,178.0,0
2023-12-01,Esparrago,1758.3,23.6,4.2,194.5,0
2023-12-01,Esparrago,1744.31,22.7,4.1,184.2,0
2023-12-01,Esparrago,1880.0,24.4,6.9,182.6,1
2023-12-01,Esparrago,3024.02,24.1,3.6,165.2,0
2023-12-01,Esparrago,2481.04,21.9,9.6,188.6,0
2024-01-01,Arroz,1438.4,26.5,28.3,181.7,1
2024-01-01,Arroz,1181.82,31.0,49.4,179.0,2
2024-01-01,Arroz,985.91,26.7,46.4,177.5,2
2024-01-01,Arroz,1429.2,30.1,21.2,171.1,0
2024-01-01,Arroz,1254.4,27.6,45.6,182.3,1
2024-01-01,Arroz,873.43,28.2,41.6,197.4,2
2024-01-01,Maiz,814.69,27.5,48.1,200.4,2
2024-01-01,Maiz,656.27,25.8,39.2,181.3,1
2024-01-01,Maiz,556.18,30.0,53.1,186.7,2
2024-01-01,Maiz,666.82,28.8,53.3,180.6,1
2024-01-01,Maiz,771.33,30.0,41.4,200.0,1
2024-01-01,Maiz,548.86,29.1,42.0,187.7,2
2024-01-01,Cebolla,1146.67,30.4,43.6,196.2,2
2024-01-01,Cebolla,1016.99,30.2,23.7,175.6,2
2024-01-01,Cebolla,696.16,28.9,21.4,189.1,2
2024-01-01,Cebolla,875.8,28.1,34.6,202.1,2
2024-01-01,Cebolla,1096.49,27.1,42.0,183.4,2
2024-01-01,Cebolla,1193.76,29.8,42.7,185.7,2
2024-01-01,Esparrago,1987.85,28.5,36.1,188.5,2
2024-01-01,Esparrago,3069.89,31.3,40.1,206.4,1
2024-01-01,Esparrago,3640.11,28.8,55.1,177.4,1
2024-01-01,Esparrago,3218.96,28.9,34.4,189.8,0
2024-01-01,Esparrago,3429.54,27.0,45.4,187.8,2
2024-01-01,Esparrago,3442.52,29.4,26.7,194.4,1
2024-02-01,Arroz,1119.74,26.7,38.4,187.8,2
2024-02-01,Arroz,965.31,28.6,19.5,187.0,0
2024-02-01,Arroz,1282.61,27.4,56.6,204.6,2
2024-02-01,Arroz,1288.32,24.7,34.7,180.8,0
2024-02-01,Arroz,982.72,29.4,42.9,186.0,2
2024-02-01,Arroz,1039.91,24.5,51.8,192.0,1
2024-02-01,Maiz,542.83,30.5,23.4,189.0,2
2024-02-01,Maiz,732.44,30.3,51.2,188.6,1
2024-02-01,Maiz,562.03,30.9,34.6,189.6,2
2024-02-01,Maiz,612.43,30.5,26.1,192.1,1
2024-02-01,Maiz,618.57,28.7,36.1,176.9,0
2024-02-01,Maiz,739.02,27.0,54.6,180.1,2
2024-02-01,Cebolla,388.93,28.3,48.7,196.4,2
2024-02-01,Cebolla,980.95,28.5,47.1,184.8,1
2024-02-01,Cebolla,371.27,27.7,33.8,199.4,2
2024-02-01,Cebolla,798.75,26.6,24.4,189.5,0
2024-02-01,Cebolla,977.22,28.2,18.0,200.6,0
2024-02-01,Cebolla,391.74,29.8,38.5,189.2,2
2024-02-01,Esparrago,2454.28,30.3,21.3,207.9,2
2024-02-01,Esparrago,3086.55,30.0,50.8,189.0,1
2024-02-01,Esparrago,3083.03,27.3,48.6,194.6,2
2024-02-01,Esparrago,3587.37,30.2,58.7,203.9,2
2024-02-01,Esparrago,1908.81,29.0,24.1,194.7,2
2024-02-01,Esparrago,2787.35,28.8,29.8,193.7,1
2024-03-01,Arroz,1369.82,28.3,40.6,191.6,0
2024-03-01,Arroz,1169.68,26.0,56.8,190.2,0
2024-03-01,Arroz,1017.33,29.6,49.2,192.5,1
2024-03-01,Arroz,770.12,28.1,34.7,198.7,2
2024-03-01,Arroz,908.47,28.6,15.8,187.1,0
2024-03-01,Arroz,1372.53,29.1,17.3,210.9,2
2024-03-01,Maiz,896.74,30.3,44.1,189.5,2
2024-03-01,Maiz,897.45,28.0,51.1,202.6,2
2024-03-01,Maiz,666.91,31.1,38.2,188.2,1
2024-03-01,Maiz,636.77,28.7,26.8,174.4,2
2024-03-01,Maiz,671.9,26.5,19.2,204.6,1
2024-03-01,Maiz,544.37,27.5,47.8,190.7,2
2024-03-01,Cebolla,595.85,32.0,23.6,201.6,0
2024-03-01,Cebolla,639.47,28.6,61.3,195.3,0
2024-03-01,Cebolla,990.97,27.6,46.4,192.7,2
2024-03-01,Cebolla,841.11,26.6,20.1,186.3,0
2024-03-01,Cebolla,605.32,31.2,22.1,183.5,1
2024-03-01,Cebolla,877.55,28.5,26.1,195.3,2
2024-03-01,Esparrago,3094.73,27.7,54.8,185.5,0
2024-03-01,Esparrago,2986.38,26.4,24.9,194.1,1
2024-03-01,Esparrago,2669.38,28.1,60.7,205.9,2
2024-03-01,Esparrago,2333.21,30.1,61.0,184.5,2
2024-03-01,Esparrago,2295.92,29.8,22.2,185.5,2
2024-03-01,Esparrago,2623.85,27.6,25.4,193.8,2
2024-04-01,Arroz,1191.22,25.8,5.8,182.2,0
2024-04-01,Arroz,1349.94,22.1,5.4,195.1,0
2024-04-01,Arroz,1317.73,24.1,16.5,189.7,1
2024-04-01,Arroz,1128.89,26.2,4.5,195.4,1
2024-04-01,Arroz,1357.9,23.6,4.1,188.1,0
2024-04-01,Arroz,1217.28,27.0,11.4,195.4,1
2024-04-01,Maiz,816.16,25.5,12.2,180.7,0
2024-04-01,Maiz,644.76,25.7,9.1,188.5,0
2024-04-01,Maiz,612.03,21.8,12.0,184.6,0
2024-04-01,Maiz,567.2,27.5,14.1,199.2,2
2024-04-01,Maiz,744.11,23.7,5.0,198.5,0
2024-04-01,Maiz,548.96,24.0,8.7,194.7,0
2024-04-01,Cebolla,1292.78,22.9,5.1,196.0,0
2024-04-01,Cebolla,1024.08,23.8,13.5,188.8,0
2024-04-01,Cebolla,1149.36,25.3,7.0,181.8,1
2024-04-01,Cebolla,995.44,25.8,12.5,189.0,1
2024-04-01,Cebolla,1102.16,25.6,2.2,199.2,0
2024-04-01,Cebolla,607.12,21.7,8.0,197.6,0
2024-04-01,Esparrago,2491.25,24.2,4.5,186.7,1
2024-04-01,Esparrago,2007.69,23.6,5.3,194.5,1
2024-04-01,Esparrago,3584.54,23.8,4.9,197.3,1
2024-04-01,Esparrago,2310.15,25.1,16.2,197.6,0
2024-04-01,Esparrago,3014.91,24.2,14.2,204.7,1
2024-04-01,Esparrago,2223.25,23.2,14.0,186.4,0
2024-05-01,Arroz,1000.5,24.2,5.1,195.1,0
2024-05-01,Arroz,917.91,24.9,5.1,190.5,2
2024-05-01,Arroz,1089.11,24.7,11.2,193.1,1
2024-05-01,Arroz,1191.86,24.2,9.0,188.1,0
2024-05-01,Arroz,1124.04,23.9,13.4,201.2,1
2024-05-01,Arroz,1106.02,25.9,10.5,200.6,0
2024-05-01,Maiz,748.98,27.0,12.5,194.9,1
2024-05-01,Maiz,589.36,22.4,6.7,182.9,0
2024-05-01,Maiz,740.58,23.0,5.6,186.5,2
2024-05-01,Maiz,894.47,23.5,10.1,189.1,1
2024-05-01,Maiz,961.37,25.0,15.2,193.9,0
2024-05-01,Maiz,521.37,22.7,8.1,189.4,1
2024-05-01,Cebolla,548.11,21.9,10.1,198.8,0
2024-05-01,Cebolla,368.11,24.7,16.8,199.4,0
2024-05-01,Cebolla,615.83,22.9,8.8,192.0,0
2024-05-01,Cebolla,1051.31,24.0,9.3,196.7,0
2024-05-01,Cebolla,493.9,21.6,3.7,197.5,0
2024-05-01,Cebolla,1216.05,26.9,7.4,206.3,0
2024-05-01,Esparrago,4216.36,23.8,12.8,186.5,0
2024-05-01,Esparrago,3590.39,24.9,9.5,199.7,0
2024-05-01,Esparrago,3876.33,26.0,13.7,193.3,0
2024-05-01,Esparrago,4183.96,26.3,2.8,178.7,1
2024-05-01,Esparrago,3426.15,22.4,10.0,190.1,0
2024-05-01,Esparrago,2449.26,27.1,7.7,186.1,1
2024-06-01,Arroz,984.79,24.0,3.6,192.5,1
2024-06-01,Arroz,1256.23,25.0,6.5,190.8,0
2024-06-01,Arroz,1299.48,23.2,6.3,191.9,0
2024-06-01,Arroz,1296.27,25.2,3.8,192.5,0
2024-06-01,Arroz,836.54,24.7,10.1,188.0,1
2024-06-01,Arroz,899.1,24.2,7.3,187.1,2
2024-06-01,Maiz,820.77,26.2,6.9,200.9,0
2024-06-01,Maiz,585.69,23.8,5.8,184.6,1
2024-06-01,Maiz,958.61,24.5,13.0,197.6,1
2024-06-01,Maiz,808.11,26.2,12.8,188.7,0
2024-06-01,Maiz,689.21,23.1,4.0,206.5,1
2024-06-01,Maiz,654.94,26.1,5.4,198.4,0
2024-06-01,Cebolla,1230.94,24.0,12.5,176.6,0
2024-06-01,Cebolla,605.63,23.6,17.6,194.4,1
2024-06-01,Cebolla,511.66,23.8,13.9,215.1,0
2024-06-01,Cebolla,710.96,25.5,8.9,199.5,0
2024-06-01,Cebolla,1019.58,23.5,10.5,200.7,0
2024-06-01,Cebolla,1281.23,24.1,9.2,188.7,0
2024-06-01,Esparrago,2781.78,22.6,5.3,194.8,0
2024-06-01,Esparrago,3487.9,24.0,9.5,178.4,1
2024-06-01,Esparrago,3763.01,22.5,8.9,188.3,0
2024-06-01,Esparrago,3161.03,26.4,4.8,194.8,0
2024-06-01,Esparrago,2314.19,23.0,6.7,180.9,1
2024-06-01,Esparrago,2211.26,22.5,9.0,194.4,1
2024-07-01,Arroz,1115.91,20.7,1.7,213.8,0
2024-07-01,Arroz,1384.61,20.0,10.2,191.6,0
2024-07-01,Arroz,1033.28,19.7,0.3,183.1,0
2024-07-01,Arroz,1557.2,21.3,3.3,201.0,0
2024-07-01,Arroz,1189.44,21.8,4.4,196.9,0
2024-07-01,Arroz,1340.4,18.5,3.3,186.5,0
2024-07-01,Maiz,606.39,22.2,4.3,187.5,0
2024-07-01,Maiz,587.25,20.5,3.6,202.5,0
2024-07-01,Maiz,763.83,22.4,4.3,205.5,0
2024-07-01,Maiz,865.53,19.3,4.0,193.4,0
2024-07-01,Maiz,923.65,20.9,4.4,206.7,0
2024-07-01,Maiz,676.04,20.0,5.6,204.6,0
2024-07-01,Cebolla,590.27,19.5,7.9,197.4,1
2024-07-01,Cebolla,1175.75,18.8,3.5,190.4,0
2024-07-01,Cebolla,1212.32,22.0,0.5,221.2,1
2024-07-01,Cebolla,1015.05,22.7,5.6,201.7,0
2024-07-01,Cebolla,970.52,22.9,4.3,205.7,0
2024-07-01,Cebolla,932.3,22.0,3.6,186.5,0
2024-07-01,Esparrago,2848.86,19.0,5.0,210.3,0
2024-07-01,Esparrago,3789.92,19.8,4.2,190.5,0
2024-07-01,Esparrago,2121.8,20.2,3.9,190.4,0
2024-07-01,Esparrago,3614.16,18.7,6.8,191.2,2
2024-07-01,Esparrago,3709.3,19.5,1.4,195.9,0
2024-07-01,Esparrago,2874.19,19.5,6.1,193.2,0
2024-08-01,Arroz,1106.27,22.1,2.4,186.1,0
2024-08-01,Arroz,1173.89,18.5,5.1,193.8,0
2024-08-01,Arroz,1421.82,18.9,4.9,189.4,1
2024-08-01,Arroz,1542.92,17.9,2.4,192.8,0
2024-08-01,Arroz,1546.22,22.3,6.6,194.9,0
2024-08-01,Arroz,1081.37,20.4,4.5,214.1,1
2024-08-01,Maiz,817.25,21.4,4.0,212.4,0
2024-08-01,Maiz,811.01,21.1,4.0,199.9,0
2024-08-01,Maiz,710.99,20.9,2.3,187.6,1
2024-08-01,Maiz,888.63,20.2,2.1,203.4,0
2024-08-01,Maiz,792.54,18.1,4.4,203.9,1
2024-08-01,Maiz,867.34,21.4,0.4,192.7,0
2024-08-01,Cebolla,1180.19,17.9,3.1,207.9,1
2024-08-01,Cebolla,535.3,20.8,2.7,189.6,0
2024-08-01,Cebolla,1074.98,18.2,5.1,191.6,0
2024-08-01,Cebolla,610.49,16.9,2.6,204.2,0
2024-08-01,Cebolla,1320.17,18.1,6.6,191.2,0
2024-08-01,Cebolla,1074.66,21.3,3.3,190.4,1
2024-08-01,Esparrago,1598.49,20.2,1.4,193.2,0
2024-08-01,Esparrago,3352.73,21.1,3.1,215.0,0
2024-08-01,Esparrago,1710.39,19.5,2.3,199.3,0
2024-08-01,Esparrago,1657.08,21.8,2.1,193.7,1
2024-08-01,Esparrago,2410.14,18.7,4.4,197.3,0
2024-08-01,Esparrago,2185.95,18.6,2.4,190.2,2
2024-09-01,Arroz,1326.32,17.7,2.8,205.9,0
2024-09-01,Arroz,925.79,22.1,5.7,189.8,1
2024-09-01,Arroz,1077.75,17.0,4.4,197.4,0
2024-09-01,Arroz,1085.92,18.5,0.4,203.6,1
2024-09-01,Arroz,1381.95,21.4,0.8,199.4,1
2024-09-01,Arroz,1580.16,21.3,3.0,184.7,0
2024-09-01,Maiz,692.17,21.8,4.5,207.2,0
2024-09-01,Maiz,706.16,20.6,1.4,207.1,0
2024-09-01,Maiz,573.31,21.2,1.3,191.0,0
2024-09-01,Maiz,652.2,18.7,3.6,212.3,0
2024-09-01,Maiz,652.2,18.9,2.6,193.8,2
2024-09-01,Maiz,688.03,20.0,0.5,197.0,0
2024-09-01,Cebolla,774.5,20.3,4.0,220.0,0
2024-09-01,Cebolla,1104.05,19.9,4.0,199.8,0
2024-09-01,Cebolla,322.84,19.3,6.3,203.1,0
2024-09-01,Cebolla,573.66,18.4,4.1,185.4,0
2024-09-01,Cebolla,1032.48,19.7,6.0,201.2,1
2024-09-01,Cebolla,1077.0,20.6,4.3,205.6,2
2024-09-01,Esparrago,2752.88,19.6,4.6,197.3,0
2024-09-01,Esparrago,2889.2,20.0,3.7,197.1,0
2024-09-01,Esparrago,3065.66,18.6,3.6,200.4,0
2024-09-01,Esparrago,2669.03,19.5,5.6,209.0,0
2024-09-01,Esparrago,2814.56,19.1,3.6,197.7,0
2024-09-01,Esparrago,2726.16,20.9,2.7,191.5,0
2024-10-01,Arroz,1293.56,21.2,4.5,199.4,0
2024-10-01,Arroz,1241.28,21.1,11.8,199.7,1
2024-10-01,Arroz,1184.89,24.6,11.5,183.7,2
2024-10-01,Arroz,1548.85,21.5,7.6,213.2,0
2024-10-01,Arroz,1252.37,22.6,6.7,203.3,0
2024-10-01,Arroz,1456.44,23.3,9.4,181.3,1
2024-10-01,Maiz,888.62,21.6,3.3,196.5,0
2024-10-01,Maiz,808.3,25.1,7.9,194.2,0
2024-10-01,Maiz,663.49,24.8,8.5,211.5,0
2024-10-01,Maiz,661.4,24.6,6.8,190.6,1
2024-10-01,Maiz,833.87,21.7,10.6,196.9,0
2024-10-01,Maiz,903.26,24.5,7.1,200.2,0
2024-10-01,Cebolla,684.37,22.4,3.3,198.1,0
2024-10-01,Cebolla,1225.51,23.3,5.1,190.7,0
2024-10-01,Cebolla,335.96,23.0,9.8,185.5,0
2024-10-01,Cebolla,435.59,21.9,10.9,195.2,0
2024-10-01,Cebolla,678.56,21.3,9.6,185.7,1
2024-10-01,Cebolla,445.66,19.1,5.2,191.4,0
2024-10-01,Esparrago,2685.43,23.5,9.2,183.7,0
2024-10-01,Esparrago,3303.16,24.7,8.5,200.6,1
2024-10-01,Esparrago,1800.2,21.7,5.8,203.3,0
2024-10-01,Esparrago,2581.9,23.3,2.0,202.9,1
2024-10-01,Esparrago,2221.2,22.2,3.2,193.7,0
2024-10-01,Esparrago,2119.43,23.1,7.7,203.4,0
2024-11-01,Arroz,906.21,24.1,8.4,196.0,1
2024-11-01,Arroz,1448.74,22.6,5.7,191.2,0
2024-11-01,Arroz,1214.1,24.2,5.9,196.9,1
2024-11-01,Arroz,1381.84,23.4,11.2,194.9,0
2024-11-01,Arroz,981.44,23.2,5.1,186.4,2
2024-11-01,Arroz,1494.49,23.3,4.7,191.7,1
2024-11-01,Maiz,611.49,21.5,11.2,189.6,0
2024-11-01,Maiz,566.69,23.8,10.4,203.5,0
2024-11-01,Maiz,976.01,24.0,6.7,194.1,1
2024-11-01,Maiz,572.82,20.8,10.9,193.3,0
2024-11-01,Maiz,781.41,22.1,9.0,185.8,1
2024-11-01,Maiz,820.25,23.2,11.0,199.5,0
2024-11-01,Cebolla,1063.34,23.0,2.8,199.4,0
2024-11-01,Cebolla,1450.89,23.6,8.9,205.7,0
2024-11-01,Cebolla,1217.52,21.4,4.7,191.2,0
2024-11-01,Cebolla,1327.74,21.8,7.3,202.0,1
2024-11-01,Cebolla,780.29,22.8,9.9,207.4,0
2024-11-01,Cebolla,1079.56,21.7,6.7,201.2,0
2024-11-01,Esparrago,2011.45,24.4,9.6,210.3,0
2024-11-01,Esparrago,1802.94,22.7,9.2,195.0,0
2024-11-01,Esparrago,2539.04,24.2,3.2,197.3,0
2024-11-01,Esparrago,3256.31,22.5,10.0,201.2,2
2024-11-01,Esparrago,2054.71,23.5,4.6,185.3,1
2024-11-01,Esparrago,3779.56,25.0,3.2,199.0,0
2024-12-01,Arroz,1223.28,22.8,10.3,196.3,1
2024-12-01,Arroz,1341.0,22.5,2.8,205.5,0
2024-12-01,Arroz,1392.4,22.5,4.6,202.1,0
2024-12-01,Arroz,1330.77,21.2,4.2,210.0,0
2024-12-01,Arroz,1511.61,24.8,3.5,207.5,2
2024-12-01,Arroz,1209.2,23.5,5.4,210.2,1
2024-12-01,Maiz,531.91,21.0,10.4,199.8,2
2024-12-01,Maiz,733.32,25.0,5.2,211.4,0
2024-12-01,Maiz,641.95,22.7,3.9,193.7,0
2024-12-01,Maiz,736.69,23.4,2.8,187.3,0
2024-12-01,Maiz,605.95,25.1,5.4,208.2,0
2024-12-01,Maiz,682.87,25.4,3.2,196.7,1
2024-12-01,Cebolla,868.46,22.1,8.0,170.3,0
2024-12-01,Cebolla,1125.59,21.9,4.4,198.8,0
2024-12-01,Cebolla,309.49,23.1,9.1,208.5,1
2024-12-01,Cebolla,1414.38,22.0,6.3,216.0,0
2024-12-01,Cebolla,412.91,21.1,7.3,196.2,1
2024-12-01,Cebolla,1282.56,23.3,8.6,201.2,1
2024-12-01,Esparrago,2473.4,26.3,7.3,189.6,1
2024-12-01,Esparrago,1806.18,24.2,3.2,194.3,0
2024-12-01,Esparrago,2155.66,21.0,9.3,200.1,0
2024-12-01,Esparrago,3342.75,24.1,3.0,200.9,0
2024-12-01,Esparrago,2601.59,22.2,3.5,198.4,0
2024-12-01,Esparrago,2374.41,21.6,4.9,210.4,0
